-- MySQL dump 10.13  Distrib 5.5.34, for debian-linux-gnu (i686)
--
-- Host: localhost    Database: mycms
-- ------------------------------------------------------
-- Server version	5.5.34-0ubuntu0.13.04.1

/*!40101 SET @OLD_CHARACTER_SET_CLIENT=@@CHARACTER_SET_CLIENT */;
/*!40101 SET @OLD_CHARACTER_SET_RESULTS=@@CHARACTER_SET_RESULTS */;
/*!40101 SET @OLD_COLLATION_CONNECTION=@@COLLATION_CONNECTION */;
/*!40101 SET NAMES utf8 */;
/*!40103 SET @OLD_TIME_ZONE=@@TIME_ZONE */;
/*!40103 SET TIME_ZONE='+00:00' */;
/*!40014 SET @OLD_UNIQUE_CHECKS=@@UNIQUE_CHECKS, UNIQUE_CHECKS=0 */;
/*!40014 SET @OLD_FOREIGN_KEY_CHECKS=@@FOREIGN_KEY_CHECKS, FOREIGN_KEY_CHECKS=0 */;
/*!40101 SET @OLD_SQL_MODE=@@SQL_MODE, SQL_MODE='NO_AUTO_VALUE_ON_ZERO' */;
/*!40111 SET @OLD_SQL_NOTES=@@SQL_NOTES, SQL_NOTES=0 */;

--
-- Table structure for table `categorys`
--

DROP TABLE IF EXISTS `categorys`;
/*!40101 SET @saved_cs_client     = @@character_set_client */;
/*!40101 SET character_set_client = utf8 */;
CREATE TABLE `categorys` (
  `id` int(10) unsigned NOT NULL AUTO_INCREMENT,
  `category_name` varchar(255) COLLATE utf8_unicode_ci NOT NULL,
  `pid` int(11) NOT NULL,
  `path` varchar(255) COLLATE utf8_unicode_ci NOT NULL,
  `alias` varchar(255) COLLATE utf8_unicode_ci NOT NULL,
  `relation` varchar(255) COLLATE utf8_unicode_ci NOT NULL,
  `nav` int(11) NOT NULL,
  `model` int(11) NOT NULL DEFAULT '0',
  `model_readable` varchar(255) COLLATE utf8_unicode_ci NOT NULL,
  `final` int(11) NOT NULL DEFAULT '0',
  `created_at` timestamp NOT NULL DEFAULT '0000-00-00 00:00:00',
  `updated_at` timestamp NOT NULL DEFAULT '0000-00-00 00:00:00',
  `navurl` varchar(255) COLLATE utf8_unicode_ci DEFAULT '',
  PRIMARY KEY (`id`)
) ENGINE=InnoDB AUTO_INCREMENT=20 DEFAULT CHARSET=utf8 COLLATE=utf8_unicode_ci;
/*!40101 SET character_set_client = @saved_cs_client */;

--
-- Dumping data for table `categorys`
--

LOCK TABLES `categorys` WRITE;
/*!40000 ALTER TABLE `categorys` DISABLE KEYS */;
INSERT INTO `categorys` VALUES (5,'新闻',0,'0,','','news',1,0,'新闻',0,'2014-07-03 03:53:06','2014-07-03 08:58:04','http://cms/news'),(9,'国际',5,'0,5,','','news',2,0,'新闻',1,'2014-07-03 05:32:03','2014-07-04 10:49:09','http://cms/bb'),(16,'国内',5,'0,5,','','news',2,0,'新闻',1,'2014-07-04 10:26:11','2014-07-04 10:49:00',''),(17,'体育',5,'0,5,','','news',2,0,'新闻',1,'2014-07-05 03:08:30','2014-07-05 03:08:30',''),(18,'娱乐',5,'0,5,','','news',2,0,'新闻',1,'2014-07-05 03:08:47','2014-07-05 03:08:47',''),(19,'军事',5,'0,5,','','news',2,0,'新闻',1,'2014-07-05 03:28:11','2014-07-05 03:28:11','');
/*!40000 ALTER TABLE `categorys` ENABLE KEYS */;
UNLOCK TABLES;

--
-- Table structure for table `htmlmodels`
--

DROP TABLE IF EXISTS `htmlmodels`;
/*!40101 SET @saved_cs_client     = @@character_set_client */;
/*!40101 SET character_set_client = utf8 */;
CREATE TABLE `htmlmodels` (
  `id` int(10) unsigned NOT NULL AUTO_INCREMENT,
  `category_id` int(11) NOT NULL,
  `page` int(11) NOT NULL,
  `model_name` varchar(255) COLLATE utf8_unicode_ci NOT NULL,
  `section` varchar(255) COLLATE utf8_unicode_ci NOT NULL,
  `loop` varchar(255) COLLATE utf8_unicode_ci NOT NULL,
  `created_at` timestamp NOT NULL DEFAULT '0000-00-00 00:00:00',
  `updated_at` timestamp NOT NULL DEFAULT '0000-00-00 00:00:00',
  PRIMARY KEY (`id`)
) ENGINE=InnoDB DEFAULT CHARSET=utf8 COLLATE=utf8_unicode_ci;
/*!40101 SET character_set_client = @saved_cs_client */;

--
-- Dumping data for table `htmlmodels`
--

LOCK TABLES `htmlmodels` WRITE;
/*!40000 ALTER TABLE `htmlmodels` DISABLE KEYS */;
/*!40000 ALTER TABLE `htmlmodels` ENABLE KEYS */;
UNLOCK TABLES;

--
-- Table structure for table `migrations`
--

DROP TABLE IF EXISTS `migrations`;
/*!40101 SET @saved_cs_client     = @@character_set_client */;
/*!40101 SET character_set_client = utf8 */;
CREATE TABLE `migrations` (
  `migration` varchar(255) COLLATE utf8_unicode_ci NOT NULL,
  `batch` int(11) NOT NULL
) ENGINE=InnoDB DEFAULT CHARSET=utf8 COLLATE=utf8_unicode_ci;
/*!40101 SET character_set_client = @saved_cs_client */;

--
-- Dumping data for table `migrations`
--

LOCK TABLES `migrations` WRITE;
/*!40000 ALTER TABLE `migrations` DISABLE KEYS */;
INSERT INTO `migrations` VALUES ('2013_11_28_130439_Myusers',1),('2013_11_28_141336_create_password_reminders_table',1),('2013_11_30_162921_add_full_name_to_myusers',1),('2013_12_04_110122_add_head_photo_to_myusers',1),('2013_12_08_111007_categorys',1),('2013_12_10_083854_newes',1),('2013_12_11_142441_htmlmodels',1);
/*!40000 ALTER TABLE `migrations` ENABLE KEYS */;
UNLOCK TABLES;

--
-- Table structure for table `myusers`
--

DROP TABLE IF EXISTS `myusers`;
/*!40101 SET @saved_cs_client     = @@character_set_client */;
/*!40101 SET character_set_client = utf8 */;
CREATE TABLE `myusers` (
  `id` int(10) unsigned NOT NULL AUTO_INCREMENT,
  `name` varchar(255) COLLATE utf8_unicode_ci NOT NULL,
  `password` varchar(255) COLLATE utf8_unicode_ci NOT NULL,
  `email` varchar(255) COLLATE utf8_unicode_ci NOT NULL,
  `frequency` int(11) NOT NULL DEFAULT '0',
  `identity` int(11) NOT NULL DEFAULT '0',
  `created_at` timestamp NOT NULL DEFAULT '0000-00-00 00:00:00',
  `updated_at` timestamp NOT NULL DEFAULT '0000-00-00 00:00:00',
  `full_name` varchar(255) COLLATE utf8_unicode_ci NOT NULL,
  `photo` varchar(255) COLLATE utf8_unicode_ci NOT NULL,
  `more_infomation` varchar(255) COLLATE utf8_unicode_ci NOT NULL,
  `gender` int(11) NOT NULL DEFAULT '0',
  `recieve_new` int(11) NOT NULL DEFAULT '0',
  `head_photo` varchar(255) COLLATE utf8_unicode_ci NOT NULL,
  PRIMARY KEY (`id`),
  UNIQUE KEY `myusers_name_unique` (`name`),
  UNIQUE KEY `myusers_email_unique` (`email`)
) ENGINE=InnoDB AUTO_INCREMENT=3 DEFAULT CHARSET=utf8 COLLATE=utf8_unicode_ci;
/*!40101 SET character_set_client = @saved_cs_client */;

--
-- Dumping data for table `myusers`
--

LOCK TABLES `myusers` WRITE;
/*!40000 ALTER TABLE `myusers` DISABLE KEYS */;
INSERT INTO `myusers` VALUES (1,'lin','$2y$08$YbS8aH1VkqQ3McgBm8OwlOY1zZMnCtSHQEbpaoccxgmY5uonzt4Zy','qiuchuanlin@yeah.net',19,1,'0000-00-00 00:00:00','2014-07-03 11:20:21','','http://cms/uploads/60x60_crop/design_jingmeisheji_227469_11.jpg','',0,1,'http://cms/uploads/38x33_crop/design_jingmeisheji_227469_11.jpg'),(2,'marryner','$2y$08$87W59BoVjt2oU/CkZHbo0e/mP0yF.02/arEfzaBsj9u0uUgWt5iXC','11@yeah.net',0,0,'2014-06-26 14:46:12','2014-06-26 14:46:12','sdf','http://cms/uploads/60x60_crop/u=1172408560,1427012038&fm=21&gp=0.jpg','aa',0,0,'http://cms/uploads/38x33_crop/u=1172408560,1427012038&fm=21&gp=0.jpg');
/*!40000 ALTER TABLE `myusers` ENABLE KEYS */;
UNLOCK TABLES;

--
-- Table structure for table `news`
--

DROP TABLE IF EXISTS `news`;
/*!40101 SET @saved_cs_client     = @@character_set_client */;
/*!40101 SET character_set_client = utf8 */;
CREATE TABLE `news` (
  `id` int(10) unsigned NOT NULL AUTO_INCREMENT,
  `category_id` int(11) NOT NULL,
  `title` varchar(255) COLLATE utf8_unicode_ci NOT NULL,
  `content` text COLLATE utf8_unicode_ci NOT NULL,
  `author` varchar(255) COLLATE utf8_unicode_ci NOT NULL DEFAULT '',
  `created_at` timestamp NOT NULL DEFAULT '0000-00-00 00:00:00',
  `updated_at` timestamp NOT NULL DEFAULT '0000-00-00 00:00:00',
  `toutiao` smallint(6) NOT NULL DEFAULT '0',
  `tuijian` smallint(6) NOT NULL DEFAULT '0',
  PRIMARY KEY (`id`),
  FULLTEXT KEY `search` (`title`,`content`,`author`)
) ENGINE=MyISAM AUTO_INCREMENT=93 DEFAULT CHARSET=utf8 COLLATE=utf8_unicode_ci;
/*!40101 SET character_set_client = @saved_cs_client */;

--
-- Dumping data for table `news`
--

LOCK TABLES `news` WRITE;
/*!40000 ALTER TABLE `news` DISABLE KEYS */;
INSERT INTO `news` VALUES (5,16,'香港议会','<p><img alt=\\\"\\\" src=\\\"http://china.haiwainet.cn/NMediaFile/2014/0704/LOCAL201407040908000599337255265.jpg\\\" style=\\\"height:335px; width:500px\\\" /></p>\\r\\n\\r\\n<p><strong>中新社香港7月3日电</strong> 香港特区行政长官梁振英3日到立法会出席答问会。期间有议员叫嚣、抛掷杂物，令会议一度暂停。梁振英表示议会内有太多语言和肢体暴力，呼吁立法会及香港社会重视、反省。</p>\\r\\n\\r\\n<p>答问会于上午9时30分开始，梁振英甫入议事厅，20多位反对派议员就离开座位，举着道具叫嚣，并朝梁振英抛掷杂物，之后离场。会议被迫暂停，近10分钟后复会，离开的反对派议员没有返回。</p>\\r\\n\\r\\n<p>曾钰成向行政长官和官员致歉。他说，在会议厅议员要遵守《议事规则》，要保证出席会议的人受到应有的尊重，刚才议员的行为不能接受。</p>\\r\\n\\r\\n<p>发表开场白前，梁振英表示，他本人和整个特区政府都十分尊重立法会，重视立法会的功能和作用，但在他和特区政府官员出席立法会会议期间，有议员不单使用侮辱性的言词，而且一些动作越来越激烈。</p>\\r\\n\\r\\n<p>梁振英举起在地上捡到的一块碎玻璃，接着说：&ldquo;在众目睽睽之下，现在已经离场的立法会议员，他们抛掷物品，包括打烂了的玻璃器皿。请立法会和全社会重视这个事件和发展趋势。&rdquo;</p>\\r\\n\\r\\n<p>多位议员当日就行政立法关系提问。梁振英表示，行政机关已尽责，提交了数十个项目予立法会审议，虽然目前审议程序受阻，但行政机关仍会继续主动工作。</p>\\r\\n\\r\\n<p>他直言，议会内已有太多语言和肢体暴力，从几年前抛香蕉，到现在有人抛玻璃器皿，希望立法会和社会反省。而特区政府一定会用最大努力、忍让和克制，不破坏行政立法机关的关系。</p>\\r\\n\\r\\n<p>被问及立法会《议事规则》是否需要修改，梁振英表示，立法会应思考为何极少数议员可用议事规则骑劫会议；又说如有魔术棒将立法会议案&ldquo;塞车&rdquo;问题解决，相信各行业、各阶层的生活也会改善。</p>\\r\\n\\r\\n<p>会后，行政长官办公室发表声明称，行政长官对反对派议员集体离席表示遗憾。至于有人在立法会投掷玻璃器皿，行政长官办公室已报警。</p>\\r\\n','','2014-07-04 11:01:07','2014-07-06 04:42:11',0,0),(6,16,'      中央巡视组发现问题可越级直接向习近平汇报','<p>本年度第一轮中央巡视工作，已经全部结束。中央巡视组接下来会做什么？中央巡视组将在下一步巡视哪里？这都成为大家关注的重点。</p>\\r\\n\\r\\n<p>发现问题之后</p>\\r\\n\\r\\n<p>根据党内巡视工作的有关规定，巡视工作结束后，各巡视组就要研究撰写书面的&ldquo;巡视报告&rdquo;。这份报告，需要对巡视中发现的问题提出&ldquo;处理意见&rdquo;。</p>\\r\\n\\r\\n<p>上述的&ldquo;处理意见&rdquo;只是初步的，还要经过中央巡视工作领导小组继续研究。</p>\\r\\n\\r\\n<p>最终的意见由谁决定呢？中共中央委员会。</p>\\r\\n\\r\\n<p>实际上，很多重大问题，比如涉及各省市区党组织领导班子成员以及中央管理的其他干部涉嫌严重违纪违法的问题，再具体一点，比如副部级以上官员被调查的问题，在巡视过程中，都需要向中央巡视工作领导小组汇报。</p>\\r\\n\\r\\n<p>巡视组是否可以越级汇报呢？比如越过中央巡视工作领导小组，向更高级别的组织或个人进行汇报呢？</p>\\r\\n\\r\\n<p>可以。<strong>在特殊情况下，那就应该是比那些副省部级官员的一般违纪违法行为更加严重和影响重大的情况，各巡视组可以直接向中共中央的主要领导汇报，比如直接向中共中央总书记汇报。</strong></p>\\r\\n\\r\\n<p>相反，中共中央委员会是否可以越过中央巡视工作领导小组直接听取各巡视组的工作汇报呢？可以。</p>\\r\\n\\r\\n<p>在中共中央委员会对巡视工作的处理意见作出决定之后，又要进入怎样的程序呢？</p>\\r\\n\\r\\n<p><strong>一个原则性规定是，各巡视组&ldquo;不直接查办案件&rdquo;，如果出现了必须被查的人或事，那就需要根据实际情况，比如涉事官员的行政级别，交由不同级别的纪检监察部门进行查处</strong></p>\\r\\n','','2014-07-05 02:37:42','2014-07-06 04:42:17',0,0),(7,16,'习近平:营造良好从政环境','<p>&nbsp;&nbsp;新华网北京6月30日电&nbsp; 中共中央政治局6月30日下午就加强改进作风制度建设进行第十六次集体学习。中共中央总书记习近平在主持学习时强调，抓作风是推进党的建设新的伟大工程的 重要切入点和着力点，必须坚持从严治党，落实管党治党责任，把作风建设要求融入党的思想建设、组织建设、反腐倡廉建设、制度建设之中，全面提高党的建设工 作水平。抓作风既要着力解决当前突出问题，又要注重建立长效机制，下功夫、用狠劲，持续努力、久久为功。</p>\\r\\n\\r\\n<p>&nbsp;&nbsp;&nbsp;&nbsp;在中国共产党成立93周年之际，习近平首先代表党中央，向全国广大共产党员和党务工作者致以节日的问候。</p>\\r\\n\\r\\n<p>&nbsp;&nbsp;&nbsp;&nbsp;这次中央政治局集体学习，由有关负责同志介绍全党以及本地区本部门开展党的群众路线教育实践活动、推动作风建设的情况。中央组织部常务副部 长陈希就群众路线教育实践活动总的情况作了汇报，河北省委书记周本顺就突出领导这个重点、抓好作风制度建设，贵州省委书记赵克志就夯实基层基础、加强改进 作风建设制度建设，国家发展改革委党组书记、主任徐绍史就推进体制机制改革、加强&ldquo;四风&rdquo;源头治理，国家工商总局党组书记、局长张茅就锤炼过硬作风、强化 制度执行谈了认识和体会。</p>\\r\\n\\r\\n<p>&nbsp;&nbsp;&nbsp;&nbsp;中央政治局各位同志听取了他们的发言，并就有关问题进行了讨论。</p>\\r\\n\\r\\n<p>&nbsp;&nbsp;&nbsp;&nbsp;习近平在主持学习时发表了讲话。他指出，党的群众路线教育实践活动正式启动以来，取得了重要阶段性成果，提高了全党对加强作风建设重要性和 必要性的认识。党的作风就是党的形象，关系人心向背，关系党的生死存亡。我们党作为一个在中国长期执政的马克思主义政党，对作风问题任何时候都不能掉以轻 心。作风问题抓和不抓大不一样，小抓大抓也大不一样，只有动真格打硬仗，才能扫除顽瘴痼疾，取得人民满意的实效。作风问题核心是党同人民群众的关系问题。 加强作风建设，必须坚持马克思主义群众观点、贯彻党的群众路线，把出发点和落脚点归结到实现好、维护好、发展好最广大人民根本利益上来，归结到为民务实清 廉上来，使改进作风的过程成为贯彻执行党的理论和路线方针政策的过程，成为推动改革开放和社会主义现代化建设顺利进行的过程。</p>\\r\\n\\r\\n<p>&nbsp;&nbsp;&nbsp;&nbsp;习近平强调，93年来，我们党团结带领全国各族人民，经过艰巨卓绝的斗争，取得了革命、建设、改革的伟大成就，使中华民族的命运发生了历史 性变化，使中华民族伟大复兴展现出前所未有的光明前景。实践证明，我们党是一个坚持科学理论武装、先进性特征鲜明的党，是一个一切为了人民、全心全意为人 民服务的党，是一个经受得住各种风险考验、不断成熟自信的党，始终是领导全国各族人民坚持和发展中国特色社会主义的核心力量。我们取得的成绩越大，人民赞 扬我们的声音越多，我们越要清醒认识党的历史和现实、优势和缺点、成绩和不足、矛盾和问题，坚持从严治党，切实把党管理好、建设好。</p>\\r\\n\\r\\n<p>&nbsp;&nbsp;&nbsp;&nbsp;习近平强调，我们共产党人的忧患意识，就是忧党、忧国、忧民意识，这是一种责任，更是一种担当。要深刻认识党面临的执政考验、改革开放考 验、市场经济考验、外部环境考验的长期性和复杂性，深刻认识党面临的精神懈怠危险、能力不足危险、脱离群众危险、消极腐败危险的尖锐性和严峻性，深刻认识 增强自我净化、自我完善、自我革新、自我提高能力的重要性和紧迫性，坚持底线思维，做到居安思危。要教育引导全党同志特别是各级领导干部坚持&ldquo;两个务 必&rdquo;，自觉为党和人民不懈奋斗，不能安于现状、盲目乐观，不能囿于眼前、轻视长远，不能掩盖矛盾、回避问题，不能贪图享受、攀比阔气。</p>\\r\\n\\r\\n<p>&nbsp;&nbsp;&nbsp;&nbsp;习近平指出，中国特色社会主义最本质的特征就是坚持中国共产党的领导，中国的事情要办好首先中国共产党的事情要办好。实现&ldquo;两个一百年&rdquo;奋 斗目标，应对和战胜前进道路上的各种风险和挑战，关键在党。我们要聚精会神抓好党的建设，按照树立科学理念、积极改革创新、遵循客观规律、注重实际成效的 思路，切实把从严治党的要求落到实处，使我们党越来越成熟、越来越强大、越来越有战斗力。这是全党的政治责任，首先是中央政治局的政治责任。</p>\\r\\n\\r\\n<p>&nbsp;&nbsp;&nbsp;&nbsp;习近平强调，加强党的建设，必须营造一个良好从政环境，也就是要有一个好的政治生态。营造良好从政环境，要从各级领导干部首先是高级干部做 起。领导干部要坚守正道、弘扬正气，坚持以信念、人格、实干立身；要襟怀坦白、光明磊落，对上对下讲真话、实话；要坚持原则、恪守规矩，严格按党纪国法办 事；要严肃纲纪、疾恶如仇，对一切不正之风敢于亮剑；要艰苦奋斗、清正廉洁，正确行使权力，在各种诱惑面前经得起考验。</p>\\r\\n\\r\\n<p>&nbsp;&nbsp;&nbsp;&nbsp;习近平指出，要坚持高标准、严要求，善始善终加强领导和指导，确保活动取得实效并经得起历史检验。教育实践活动越往后，需要整改的问题就越 集中，只有一环接着一环抓，才能最终达到目的。要在分清问题成因的基础上，实行上下联动，该上级主动的就上级主动，该下级主动的就下级主动，该上下共同拿 方案的就共同拿方案。</p>\\r\\n\\r\\n<p>&nbsp;&nbsp;&nbsp;&nbsp;习近平强调，贯彻执行党的群众路线是一项长期任务，解决作风问题是一项经常性工作，必须在抓常、抓细、抓长上下功夫。要体现改革精神和法治 思维，把中央要求、群众期盼、实际需要、新鲜经验结合起来，努力形成系统完备的制度体系，以刚性的制度规定和严格的制度执行，确保改进作风规范化、常态 化、长效化，切实防止&ldquo;四风&rdquo;问题反弹。</p>\\r\\n','','2014-07-05 02:38:26','2014-07-06 04:42:22',0,0),(8,16,'整治政治生态','<p>把从政环境整治得更健康一些，把政治生态打扫得更清洁一些，这是许多党员干部的真诚愿望，也是社会各界的强烈呼吁。习近平同志在中央政治局第十六次 集体学习时强调，要营造一个良好的从政环境，并对领导干部提出四条要求：&ldquo;要坚守正道、弘扬正气，坚持以信念、人格、实干立身；要襟怀坦白、光明磊落，对 上对下讲真话、实话；要坚持原则、恪守规矩，严格按党纪国法办事；要严肃纲纪、疾恶如仇，对一切不正之风敢于亮剑；要艰苦奋斗、清正廉洁，正确行使权力， 在各种诱惑面前经得起考验。&rdquo;这四条要求，概括了领导干部应在信念、品德、纪律和作风方面所应具备的基本素质，也是加强党的建设，创造良好政治生态的重要 遵循。</p>\\r\\n\\r\\n<p>&nbsp;&nbsp;&nbsp;&nbsp;营造良好从政环境具有双重意义。一方面，从政环境反映了执政作风、干部素质和精神状态。不仅关乎党的形象，还关乎工作大局。没有良好的从政 环境，各项工作难以有效推进，还会助长庸俗乃至病态的官场文化，甚至为腐败滋生提供土壤。另一方面，政治生态也必然强烈地影响社会风气。不良的从政文化， 污染社会生态，难以构建起和谐、健康、向上的社会氛围，还会积聚不满和怨气，诱发种种矛盾冲突。从这个意义上说，从政环境，绝非小事。</p>\\r\\n\\r\\n<p>&nbsp;&nbsp;&nbsp;&nbsp;应该正视这样的现实:一个时期以来，我们的从政环境或政治生态问题不少，形式主义、官僚主义、享乐主义、奢靡之风盛行，就是突出的表现。同 时大家也看到，通过开展第一批教育实践活动和正在开展的第二批教育实践活动，党的作风建设取得了可喜的成果，从政环境吹来一股清新健康之风。当然，这离党 员干部和老百姓的期待还有不小的差距。说明，重视不重视从政环境，治理不治理政治生态，效果是完全不一样的。只要高度重视并采取强有力措施，从政环境可以 得到有效改善。</p>\\r\\n\\r\\n<p>&nbsp;&nbsp;&nbsp;&nbsp;正如习近平同志所强调的，领导干部的表率作用至关重要。一个地方和单位，工作搞得好不好，当然和领导干部的能力和水平有关，但更重要的是， 领导干部自身要有良好的道德品格和个人形象。领导干部立身正、讲原则、拒腐蚀、守纪律，那个地方和单位就会有比较好的从政环境，正气可以压倒邪气，党员干 部和老百姓也会心情舒畅，士气高涨，工作能够很快打开局面。反之，庸俗的官场文化炽烈，潜规则大行其道，必然是美丑不分，乌烟瘴气。&ldquo;上梁不正下梁歪，中 梁不正倒下来&rdquo;，这是自古以来的经验教训。</p>\\r\\n\\r\\n<p>&nbsp;&nbsp;&nbsp;&nbsp;从政环境与选人用人关系密切。用一贤能之人，可以树立一个好干部的标杆，民心折服，提振士气，；用以宵小之徒，则伤害一大片人的积极性，甚 至伤害许多党员干部的感情。更可怕的是，这样会扭曲干部队伍的政治信念和价值取向，以非为是，以丑为荣，使政治生态更加恶化。应该从制度和机制上努力做 到，&ldquo;绝不让老实人吃亏，决不让投机钻营者得利&rdquo;。</p>\\r\\n\\r\\n<p>&nbsp;&nbsp;&nbsp;&nbsp;每个人都要在特定的环境下生活，而自己也是环境构成的一个组成部分。当我们抱怨汽车尾气太重的时候，往往忽略了自己也开着一辆汽车。换言 之，营造良好的从政环境，离不开每个党员干部的共同努力。大家多输出一些正能量，就能汇聚起更大的力量，为政治生态不断改善，为社会风气不断向好，做出应 有的贡献。</p>\\r\\n','','2014-07-05 02:39:06','2014-07-06 03:33:15',0,0),(9,16,'习大大与足球(图)','<p><img alt=\\\"网友原创萌漫《大大与足球》\\\" src=\\\"http://cms/images/W020140701714954598689.jpg\\\" /></p>\\r\\n\\r\\n<p>　　日前有网友发布原创漫画，描述大大与足球之间有趣的事情。漫画从大大爱足球，治理足球乱象，足球从娃娃抓起和大大的足球梦四个方面，以其生动的萌系画风赢得网友纷纷点赞。</p>\\r\\n','','2014-07-05 02:43:29','2014-07-06 03:33:21',0,0),(10,9,'李克强:愿与南苏丹共建非洲铁路公路航空网','<p><img src=\\\"http://www.gov.cn/guowuyuan/site1/20140701/a41f72693f6e151cc8ff01.jpg\\\" /></p>\\r\\n\\r\\n<p><img src=\\\"http://www.gov.cn/guowuyuan/site1/20140701/a41f72693f6e151cc90d02.jpg\\\" /></p>\\r\\n\\r\\n<p><strong>&nbsp;</strong>&nbsp;&nbsp;&nbsp;中共中央政治局常委、国务院总理李克强1日下午在中南海紫光阁会见南苏丹副总统、苏丹人民解放运动副主席瓦尼。</p>\\r\\n\\r\\n<p>&nbsp;&nbsp;&nbsp; 李克强表示，南苏丹是中国在非洲的好朋友、好伙伴。中国政府支持南苏丹人民根据本国国情自主选择发展道路，愿向南苏丹提供力所能及的帮助和支持。中方赞赏 南苏丹政府通过和平方式解决国内危机所作努力，以及东非政府间发展组织为此发挥的斡旋作用，期待南苏丹早日实现民族和解与安全稳定。我们也愿继续为推动实 现南北苏丹和平与发展发挥建设性作用。中国政府鼓励两国加强经贸、农业、基础设施建设、能源等合作，希望南苏丹政府采取有效措施确保中方企业和人员安全。</p>\\r\\n\\r\\n<p>&nbsp;&nbsp;&nbsp; 李克强指出，新形势下，中方将秉承&ldquo;真、实、亲、诚&rdquo;理念，同非方真诚平等相待、增进团结互信、共谋包容发展、创新务实合作，推进产业、金融、减贫、生态 环保、人文交流、和平安全等六大领域合作，共同开展非洲铁路、公路、区域航空三大网络建设，打造中非合作升级版，实现互利共赢。</p>\\r\\n\\r\\n<p>&nbsp;&nbsp;&nbsp;&nbsp;瓦尼表示，南苏丹同中国拥有深厚友谊，感谢中国党和政府长期为促进南苏丹和平稳定与经济发展提供的宝贵支持。东非国家对李克强总理不久前访 非提出的对非合作框架深感鼓舞，愿同中方共同推进区域铁路等交通网络建设。南苏丹将继续致力于实现和平与和解，将保障中国企业和人员安全。</p>\\r\\n\\r\\n<p>&nbsp;&nbsp;&nbsp;&nbsp;全国政协副主席王家瑞参加会见。</p>\\r\\n','','2014-07-05 02:44:36','2014-07-06 04:43:02',2,0),(11,9,'\"深耕\"欧洲放眼全球','<p>会见英国女王、300亿美元大单、智库演讲、比雷埃夫斯港、海洋观&hellip;&hellip;这些关键词，勾勒了刚刚结束的中国总理欧洲之行的轨迹。</p>\\r\\n\\r\\n<p>　　6月16日至21日，国务院总理李克强赴英国举行中英总理年度会晤，并对英国和希腊进行正式访问。</p>\\r\\n\\r\\n<p>　　短短6天里，李克强密集出席30多场活动，讲述中国故事，阐释中国理念，宣示中国主张，得到国际媒体广泛关注，在欧洲掀起舆论热潮。其意义，已远远超出与往访国双边关系的范畴，对中欧合作、乃至全球经济，都将产生积极而深远的影响。</p>\\r\\n\\r\\n<p>　　经贸+文化：双轨并行</p>\\r\\n\\r\\n<p>　　&ldquo;我们的合作关系是真正的增长、改革与创新的关系。&rdquo;&mdash;&mdash;英国首相卡梅伦，6月17日，与李克强会谈后举行的联合记者招待会。</p>\\r\\n\\r\\n<p>　　中欧经贸关系是世界上规模最大、最具活力的经贸关系之一。中国总理访欧，经贸议题自然居于核心位置。</p>\\r\\n\\r\\n<p>　　在伦敦，被外媒称为&ldquo;中国品牌运营CEO&rdquo;的李克强和卡梅伦共同见证了双边金融、科技、教育、能源、基础设施建设等领域合作文件的签署，政府和 商业间协议总额超过300亿美元。根据17日发表的中英联合声明，两国将继续致力于实现2015年双边贸易额达到1000亿美元。</p>\\r\\n\\r\\n<p>　　数字固然令人振奋，更为可喜的是中英合作质量不断提升、内涵不断深化。正如李克强所说，这不是简单的买卖关系，而是有质量、更深入的投资关系；中英合作不仅双赢，并会走向第三方，让世界受益。</p>\\r\\n\\r\\n<p>　　同时，在中英合作的不断深化中，中国也将获得技术、管理和金融服务等先进经验，助推自身发展升级。&ldquo;在金融领域，中国需要英国，正如英国需要中国，&rdquo;英国《独立报》如是说。</p>\\r\\n\\r\\n<p>　　英国拥有活跃的金融系统和先进的科学技术，在能源和环保等方面处于世界领先地位。而中国有巨大的市场、庞大的外汇储备，以及有竞争力的制造业。此次中英在两国外汇市场开展人民币对英镑直接交易，并确定中国建设银行作为清算行在伦敦承担人民币清算业务。</p>\\r\\n\\r\\n<p>　　在雅典，中希两国签署了双边文化、经贸、投资、海洋、防灾、基础设施建设等领域多个合作文件。其中尤以海洋合作最为引人注目。</p>\\r\\n\\r\\n<p>　　李克强在中希海洋合作论坛上指出，希腊是世界船舶运力第一大国，中国是世界船舶制造和货物进出口第一大国，也是希腊船东最主要的造船基地。双方合作正在向以航运为龙头的全产业链扩展，覆盖工业和服务业诸多方面。中希着力开拓航运合作互利双赢。</p>\\r\\n\\r\\n<p>　　听完演讲，记者身边几位从事航运、游轮等行业的希腊企业家都兴奋地表示，对开展希中合作、进军中国市场充满信心。</p>\\r\\n\\r\\n<p>　　在经贸的主线之外，李克强此行还代表着一次跨越万里的人文交流和文明对话。</p>\\r\\n\\r\\n<p>　　中国和希腊，都是历史悠久的文明古国，是东西方文明的典型代表。雅典卫城和万里长城，均为世界文化遗产。</p>\\r\\n\\r\\n<p>　　李克强访问全程，中希两国总理在互动中均表现出对彼此文明的敬仰之情。</p>\\r\\n\\r\\n<p>　　在中希海洋合作论坛上，希腊总理萨马拉斯谈到了中国的老子、孔子等先贤哲人。他说，中国和希腊虽然人口总数和国土面积相差很大，但两国都是文明古国。老子、孔子的思想影响深远，至今仍有重要价值，是全人类的共同财富。</p>\\r\\n\\r\\n<p>　　与此同时，李克强提到了一系列希腊历史上的思想家和哲学家：从苏格拉底从柏拉图，再到亚里士多德&hellip;&hellip;</p>\\r\\n\\r\\n<p>　　&ldquo;希腊很多神话故事在中国家喻户晓。中国古老的传说也为希腊人津津乐道，&rdquo;他说。中国和希腊这两个文明古国的握手，不仅对增进两国人民相互了解和信任有着重要意义，也对东西方文明之间的对话、包容和互鉴，具有积极的示范作用。</p>\\r\\n\\r\\n<p>　　中英文化交流广泛深入，茶文化便是其中一例。中国是茶叶的故乡，英国的下午茶同样世界闻名。</p>\\r\\n\\r\\n<p>　　在繁忙的公务活动间隙，李克强和夫人程虹与卡梅伦夫妇17日共进下午茶。从中英茶文化谈到两国年轻人之间的交流，再谈到各自对伦敦和中国各地的印象，海阔天空，畅所欲言。</p>\\r\\n\\r\\n<p>　　&ldquo;英国的茶文化没有中国的茶文化那么博大精深，比较简单。我本人比较喜欢喝中国的茉莉花茶，&rdquo;卡梅伦夫人萨曼莎说。她告诉程虹：&ldquo;希望我的孩子可以学会中文。&rdquo;</p>\\r\\n\\r\\n<p>　　卡梅伦夫妇3岁多的小女儿弗洛伦斯也加入了这场茶叙活动。李克强与程虹送给弗洛伦斯一套身着十二生肖服饰的熊猫玩偶。得知自己的属相是老虎之后，她抱着穿老虎服装的那只熊猫向李克强和程虹道谢。</p>\\r\\n\\r\\n<p>　　李克强还送给喜欢骑自行车的卡梅伦一辆中国产的自行车，程虹将自己的译著送给萨曼莎。卡梅伦首相夫妇回赠的礼物包括电视剧《唐顿庄园》主创签名的剧本以及狄更斯作品DVD合集。</p>\\r\\n\\r\\n<p>　　茶、生肖、文学、戏剧，这些文化符号，成为中英文化交流的绝佳注脚。</p>\\r\\n','','2014-07-05 02:49:21','2014-07-06 04:48:13',0,0),(12,16,'解放军四总部和七大军区对徐才厚被查表态','<p><strong>解放军报北京7月1日电</strong> 中共中央关于开除徐才厚党籍的决定公布后，在全军和武警部队引起强烈反响。广大官兵一致认为，对徐才厚严重违纪问题的查处，进一步体现了党中央从严治党、 从严治军的鲜明态度，表明了我们党坚决反对腐败、以零容忍态度惩治腐败的坚定决心。官兵纷纷表示，坚决拥护党中央的正确决定，坚决贯彻党中央的决策部署， 切实把思想统一到中央精神上来，一切行动听从党中央、中央军委和习主席指挥，确保部队高度集中统一和安全稳定。</p>\\r\\n\\r\\n<p>总参谋部、总政治部、总后勤部、总装备部和各大单位纷纷组织机关干部收听收看相关新闻报道，认真学习中央精神。大家普遍认为，中央作出的处理决定十分英 明、完全正确，极大增强了广大官兵对反腐倡廉的信心，有力震慑了贪腐分子，对于端正部队风气、维护人民军队良好形象，对于提振军心士气、凝聚意志力量，必 将产生重要影响。</p>\\r\\n\\r\\n<p>海军党委在学习讨论中认为，党中央、中央军委用治军先治将、严下先严上，打老虎、惩腐败的实际行动，再次向全党全军发出强烈信号：党内军内没有腐败分子藏 身之地，任何人不管权力大小、职务高低，只要触犯党纪国法，都要受到严肃惩处。空军党委常委和机关干部表示，党中央这一重大决策深得党心军心民心，体现了 以习近平同志为总书记的党中央高瞻远瞩、总揽全局，坚决同腐败问题作斗争的决心意志和政治魄力，大家衷心拥护、坚决支持。第二炮兵党委领导表示，要更加坚 定对党中央、中央军委和习主席的信赖拥戴，坚决贯彻绝对忠诚、绝对纯洁、绝对可靠的政治要求，认真学习领会中央精神，大力加强高中级干部教育、管理和监 督，切实做到军魂不变、宗旨不忘、传统不丢、本色不褪。</p>\\r\\n\\r\\n<p>全军官兵普遍认为，党的十八大以来，中央坚持有腐必反、有贪必肃，治标治本一并抓、对上对下一样严、&ldquo;大病&rdquo;&ldquo;小病&rdquo;一块治、&ldquo;老虎&rdquo;&ldquo;苍蝇&rdquo;一起打，形 成了正风肃纪、崇清反腐的强大正能量。这次依法查处徐才厚严重违纪问题，再次彰显我们党是坚强有力的，具有自我净化、自我完善、自我革新、自我提高的能 力。官兵表示，要始终不渝地听党的话、跟党走，不为困难风险所惧，不为杂音噪音所扰，不为传闻谣言所惑，始终保持头脑清醒、政治坚定、纪律严明，确保部队 高度集中统一，为实现强军目标提供坚强保证。</p>\\r\\n\\r\\n<p>沈阳军区党委机关集中开展学习讨论，一致认为，坚决贯彻落实党中央、中央军委和习主席作出的重大决策部署，是对各级党委和领导干部的政治要求，必须立场坚 定、旗帜鲜明，严守纪律、令行禁止。北京军区党委机关结合正在开展的&ldquo;学法规、用法规、守法规&rdquo;活动，围绕中央作出的处理决定展开讨论。大家认为每名党员 干部都应从中汲取教训，自觉按照习主席关于&ldquo;三严三实&rdquo;的要求，认真解决自身在党性党风党纪方面存在的问题。兰州军区党委表示，我军是执行党的政治任务的 武装集团，在党风廉政建设上必须坚持高标准、严要求。要结合群众路线教育实践活动，紧盯干部使用、房地产管理、经费管理等容易滋生腐败问题的领域，加大检 查监督力度，进一步纯正部队风气。济南军区党委认为，党中央的决定充分表明了我们党敢于正视并及时解决自身问题的巨大勇气，反映了党中央对保持先进性和纯 洁性的高度自觉和深谋远虑。要坚定不移推进党风廉政建设，用实际行动证明，人民军队始终是党和人民完全可以信赖的队伍。</p>\\r\\n\\r\\n<p>南京军区专门召开会议学习讨论中央有关精神，军区党委常委和机关领导在发言中表示，要引导官兵充分认识反腐败斗争的长期性、复杂性和艰巨性，持续保持正风 肃纪、惩贪治腐的高压态势，以反腐倡廉的实际成效取信于广大官兵。广州军区党委表示，要把学习领会中央决定精神，与学习习主席系列重要讲话精神结合起来， 进一步加深对党中央、中央军委和习主席关于反腐倡廉各项决策部署的理解认同，进一步凝聚推进党风廉政建设的意志力量。成都军区党委表示，要切实编密扎紧制 度笼子，形成不想腐、不能腐、不敢腐的有效机制，不断取得党风廉政建设和反腐败工作新成效，以带好班子、管好部队的实际行动，让党中央、中央军委和习主席 放心。</p>\\r\\n\\r\\n<p>前车之覆，后车之鉴；拒腐防变，警钟长鸣。广大官兵表示，要以徐才厚严重违纪问题为反面教材，切实加强对党员干部特别是高中级干部的教育、管理和监督，进一步严明党的纪律，永葆党的先进性和纯洁性。</p>\\r\\n\\r\\n<p>军事科学院党委要求党员干部从中汲取深刻教训，自觉加强党性修养，牢固树立马克思主义世界观、人生观、价值观，树立正确的权力观、地位观、利益观，自觉经 受住各种诱惑和考验。国防大学党委表示，要坚持不懈抓好中国特色社会主义理论体系武装，深入学习习主席系列重要讲话精神，切实补足精神之钙、坚实信仰之 基，始终与党同心同德、同向同行。国防科学技术大学党委教育引导师生继承发扬我党我军的光荣传统和优良作风，大力培育践行社会主义核心价值观和当代革命军 人核心价值观，始终保持政治上的清醒坚定和思想道德的纯洁。武警部队党委要求各级领导干部深挖细查党性党风党纪方面的问题，自觉清除思想之垢、作风之弊， 铸牢拒腐防变的思想防线，永葆共产党员的政治本色。</p>\\r\\n\\r\\n<p>（综合徐叶青、刘安东、李永飞、李祥辉、钱晓虎、孙利波、魏国、王余根、李华敏、银军、田义伟、褚振江、王握文、赵波、罗鑫来稿）</p>\\r\\n','','2014-07-05 02:50:26','2014-07-06 04:43:11',2,8),(13,16,'党报:谁都别指望法外开恩 ','<p>原标题：法纪面前没有例外</p>\\r\\n\\r\\n<p>　　&ldquo;七一&rdquo;前夕，徐才厚等4人被开除党籍、移送司法。不管是谁、不管地位多高、权力多大，只要触犯国家法律和党的纪律，就一查到底、决不手软。坚持党纪国法面前没有例外，我们党用行动证明，我们是说到做到的。</p>\\r\\n\\r\\n<p>　　腐败没有特区，反腐没有禁区。法治是治国理政的基本方式，人人平等是法治的基本原则。我们党代表人民利益、接受人民监督，对腐败现象决不姑息、对违法 违纪现象必查必究。这是对党和人民事业的高度负责，也是对社会主义法治的坚定维护。法律面前没有特殊公民，党内和军内都不允许有特殊党员，任何目无法纪、 不把法纪当回事、以为位高权重就可以越位滥权的人，最终都逃不脱党纪国法的严惩。对于这一点，谁都不要幻想有什么&ldquo;保险箱&rdquo;，谁都不要指望有什么&ldquo;法外开 恩&rdquo;。</p>\\r\\n\\r\\n<p>　　律己廉为首，治国法为先。在面对党纪国法时，每一个党员干部都要心存敬畏，不要心存侥幸，只有警钟长鸣，才能警笛不响。尤其要明白，作为共产党员、领 导干部，更要在遵纪守法上高标准、严要求。如果执行纪律对下严、对上宽，执行法律还搞&ldquo;刑不上大夫&rdquo;那一套，那就根本违背了我们党对人民的承诺，从严治 党、依法治国就会沦为空谈。中央严肃查处徐才厚等人违纪违法案件，清楚地表明党纪国法不是软约束，更不是束之高阁的一纸空文，法纪面前人人平等，党员干部 更要从严。坚决维护党纪国法的权威和尊严，是我们党兴旺发达的根本保障，也是国家长治久安的根本保证。</p>\\r\\n\\r\\n<p>　　&ldquo;对腐败分子，发现一个就要坚决查处一个。&rdquo;遵守法律没有特权，执行纪律没有例外。置身改革发展的时代大潮，面对种种诱惑和考验，每一个党员干部都要 树立党纪国法红线不能触碰的观念，都要牢记&ldquo;手莫伸，伸手必被捉&rdquo;的道理。坚决遏制违纪违法的&ldquo;破窗效应&rdquo;，始终保持惩治腐败高压态势，我们就能正党风、 得民心，真正实现从严治党、全面推进依法治国。</p>\\r\\n','','2014-07-05 02:52:11','2014-07-06 04:51:20',0,0),(14,16,'刘源上将：道德败坏、蜕化变质的人要坚决清除出党','<p>&mdash;&mdash; 学习习近平同志关于新形势下加强党性修养的重要论述</p>\\r\\n\\r\\n<p>　　党性是我们党区别于其他政党的鲜明标志，是共产党人立身、立业、立言、立德的基石。党的十八大以来，习近平同志着眼我们党正在进行的具有许多新 的历史特点的伟大斗争，对新形势下加强党性修养作出一系列重要论述，丰富发展了马克思主义党建理论，为我们锤炼党性、纯正修养提供了根本遵循和行为指南。</p>\\r\\n\\r\\n<p>　　一、新形势下加强党性修养，要时刻铭记&ldquo;党面临的赶考远未结束&rdquo;，着力强化跑好&ldquo;接力赛中我们这一棒&rdquo;的历史自觉</p>\\r\\n\\r\\n<p>　　我们党始终注重加强党性修养。古田会议上，毛泽东同志提出从思想上建党的著名论断。1938年10月，毛泽东同志在党的六届六中全会上首次提出 &ldquo;我们党的马克思列宁主义的修养&rdquo;的命题，随后，张闻天、陈云同志先后发表《论青年的修养》、《怎样做一个共产党员》，从不同角度论述了共产党员的修养问 题。1939年7月，刘少奇同志在延安马列学院作《论共产党员的修养》演讲，对加强共产党员修养问题，作了全面系统的阐述，并将演讲稿整理成文发表，成为 当时延安党员党性教育的必读书籍。1941年，中央作出《关于增强党性的决定》，确立了全党统一的党性标准。延安整风运动，开辟了我们党加强党性修养的新 途径。新中国成立后，我们党始终重视开展全党普遍的教育整顿，保证了党的战斗力凝聚力。改革开放以来，我们党先后开展了全面整党和&ldquo;三讲&rdquo;教育、保持共产 党员先进性教育活动、学习实践科学发展观活动、党的群众路线教育实践活动，使党的先进性和纯洁性不断加强。实践证明，加强党性修养，是我们党依靠自身力量 坚持真理、修正错误的重要法宝。我们要坚定不移地把这个&ldquo;传家宝&rdquo;接力传承下去，不断发扬光大。</p>\\r\\n\\r\\n<p>　　当前，世情国情党情发生深刻变化，精神懈怠危险、能力不足危险、脱离群众危险、消极腐败危险更加尖锐地摆在全党面前，党的建设特别是党员干部的 党性修养方面，还存在一些严重问题。思想上突出表现为，不信马列信鬼神，理想信念滑坡，精神上&ldquo;缺钙&rdquo;，得了&ldquo;软骨病&rdquo;；政治上突出表现为，对上级决策指 示打折扣、搞变通、做选择，党的意识淡薄了，党性原则讲得少了；组织上突出表现为，本来很好的制度成了摆设，党内积极的思想斗争讲得少了，批评和自我批评 难以开展起来，民主生活会很多成了评功摆好会；作风上突出表现为，形式主义、官僚主义、享乐主义和奢靡之风见怪不怪，甚至觉得理所当然，&ldquo;久入鲍肆而不闻 其臭&rdquo;。解决这些问题，必须把加强党性修养牢牢抓在手上，切实抓出成效。</p>\\r\\n\\r\\n<p>　　当年，毛泽东同志带领全党进京&ldquo;赶考&rdquo;，告诫要牢记&ldquo;两个务必&rdquo;，决不当李自成。现在，历史的接力棒传到我们这一代共产党人手中，&ldquo;赶考&rdquo;还在 继续，我们要更加重视加强党的自身建设，更加突出抓好党员的党性修养，更加负责地跑好我们这一程，把人民对我们党的&ldquo;考试&rdquo;，把我们党正在经受和将要经受 的各种&ldquo;考试&rdquo;考好，努力交出优异的答卷。</p>\\r\\n\\r\\n<p>　　二、新形势下加强党性修养，要真正掌握&ldquo;登高望远的思想阶梯&rdquo;，切实弄清&ldquo;打铁还需自身硬&rdquo;的时代要求</p>\\r\\n\\r\\n<p>　　习近平同志关于加强党性修养的重要论述，科学回答了新的历史条件下党性修养抓什么、怎么抓、达到什么目的等一系列重大问题，实现了马克思主义党建理论的与时俱进。</p>\\r\\n\\r\\n<p>　　坚持远大理想与现实目标的统一。习近平同志指出，没有远大理想，不是合格的共产党员；离开现实工作而空谈远大理想，也不是合格的共产党员。强调 在坚定共产主义信仰上，既不能&ldquo;庸俗化&rdquo;，天天高喊共产主义口号，去干&ldquo;跑步进入共产主义&rdquo;那种事；也不能&ldquo;神秘化&rdquo;，认为崇高信仰、坚定信念是高不可攀 的，共产主义是可望而不可及的；而是要&ldquo;具体化&rdquo;，把能否坚持全心全意为人民服务的根本宗旨，能否吃苦在前、享受在后，能否勤奋工作、廉洁奉公，能否为理 想而奋不顾身去拼搏、去奋斗、去献出自己的全部精力乃至生命，作为衡量的标准。强调在坚持中国特色社会主义共同理想上，既要有很强的战略定力，增强道路自 信、理论自信、制度自信，又要有很实的工作作风，矢志不移地做好当前每一项工作。</p>\\r\\n\\r\\n<p>　　坚持组织入党与思想入党的统一。习近平同志指出，党性不可能随着党龄增加而自然增强，也不可能随着职务升迁而自然增强，必须在严格的党内生活锻 炼中不断增强。强调组织管理从严，严格日常教育和管理，疏通党员队伍出口，对丧失党员条件的及时进行组织处置，对道德败坏、蜕化变质的坚决清除出党。强调 党内生活从严，坚决反对自由主义、好人主义，下大力解决党内生活不经常、不认真、不严肃的问题。强调个人修炼从严，强化党的意识、组织意识、讲规矩意识， 始终把党放在心中最高位置，永远忠诚于党、与党同心同德。</p>\\r\\n','','2014-07-05 02:52:49','2014-07-05 02:52:49',0,0),(15,16,'央视梳理中纪委半年打“虎”记：清理门户','<p>《新闻1+1》2014年7月1日完成台本</p>\\r\\n\\r\\n<p>&mdash;&mdash;中纪委：半年打&ldquo;虎&rdquo;记！</p>\\r\\n\\r\\n<p>解说：</p>\\r\\n\\r\\n<p>建党93周年的前一天，四名高级别官员被开除党籍。</p>\\r\\n\\r\\n<p>同期声：</p>\\r\\n\\r\\n<p>2014年3月15日，中共中央依照党的纪律条例，决定对徐才厚涉嫌违纪问题进行组织调查。</p>\\r\\n\\r\\n<p>解说：</p>\\r\\n\\r\\n<p>今年上半年，16名省部级或以上官员被中纪委查处。</p>\\r\\n\\r\\n<p>市民1：</p>\\r\\n\\r\\n<p>大快人心，早就该办了。</p>\\r\\n\\r\\n<p>市民2：</p>\\r\\n\\r\\n<p>一个大的力度，大老虎已经打出来了。</p>\\r\\n\\r\\n<p>解说：</p>\\r\\n\\r\\n<p>从省部级到副国级，从党政机关到军队国企，腐败零容忍，反腐无死角。</p>\\r\\n\\r\\n<p>市民3：</p>\\r\\n\\r\\n<p>中纪委的工作做得非常充分，很多老百姓知道了事情真相。</p>\\r\\n\\r\\n<p>解说：</p>\\r\\n\\r\\n<p>十八大以来被查处的官员不可谓不多，被查处官员的级别也不可谓不高，《新闻1+1》今日关注，中纪委半年打虎记。</p>\\r\\n\\r\\n<p><a href=\\\"http://china.cankaoxiaoxi.com/2014/0702/409783_2.shtml\\\" target=\\\"_self\\\"><img src=\\\"http://upload.cankaoxiaoxi.com/2014/0701/1404173728526.jpg\\\" /></a></p>\\r\\n\\r\\n<p><a href=\\\"http://china.cankaoxiaoxi.com/2014/0702/409783_2.shtml\\\" target=\\\"_self\\\">点击图片进入下一页</a></p>\\r\\n\\r\\n<p>资料图片：徐才厚</p>\\r\\n\\r\\n<p>主持人 王宁：</p>\\r\\n\\r\\n<p>欢迎走进今天的《新闻1+1》。今天是七一，是中国共产党建党93周年，而就在昨天，<strong>我们看到中央军委原副主席徐才厚、公安部原副部长李东生、国资委原主任蒋洁敏和中石油原副总经理王永春被同时宣布开除党籍。</strong>这样一个消息一出，立刻引发了震动。我们看到今天《人民日报》和《解放军报》，都分别做出了评论员文章，我们来仔细看一下他们的评论当中非常关键的词语。</p>\\r\\n\\r\\n<p><a href=\\\"http://china.cankaoxiaoxi.com/2014/0702/409783_2.shtml\\\" target=\\\"_self\\\"><img src=\\\"http://upload.cankaoxiaoxi.com/2014/0701/1404174100556.jpg\\\" /></a></p>\\r\\n\\r\\n<p><a href=\\\"http://china.cankaoxiaoxi.com/2014/0702/409783_2.shtml\\\" target=\\\"_self\\\">点击图片进入下一页</a></p>\\r\\n\\r\\n<p>国资委原主任 蒋洁敏</p>\\r\\n\\r\\n<p>首先，我们打开的是《人民日报》，<strong>《人民日报》是以铲除腐败绝不手软为题，评论说，这一决定进一步体现了党中央从严治党、从严治军的鲜明态度，表明了我们党坚决反对腐败，以零容忍态度惩治腐败的坚定决心。</strong>再来看《解放军报》，是以坚决拥护党中央的正确决定为题，评论说中共中央决定给予徐才厚开除党籍处分，对其涉嫌受贿犯罪问题，及问题线索移送最高人民检察院授权军事检察机关依法处理，对于端正部队风气，维护人民军队良好形象，对于提振军心士气，凝聚意志力量具有重要意义。</p>\\r\\n\\r\\n<p>在党的生日的前一天，这四名党政军企的高级官员被同时宣布了开除党籍，那这释放出了什么样的信号呢，我们现在就回到消息公布的那个时刻。</p>\\r\\n','','2014-07-05 02:53:55','2014-07-06 04:43:02',2,0),(16,16,'半年16只大老虎落','<p>编者按</p>\\r\\n\\r\\n<p>&nbsp;</p>\\r\\n\\r\\n<p>　　眼下，中国全面深化改革元年已过半程。</p>\\r\\n\\r\\n<p>&nbsp;</p>\\r\\n\\r\\n<table align=\\\"left\\\" border=\\\"0\\\" cellpadding=\\\"0\\\" cellspacing=\\\"0\\\">\\r\\n	<tbody>\\r\\n		<tr>\\r\\n			<td>&nbsp;</td>\\r\\n		</tr>\\r\\n	</tbody>\\r\\n</table>\\r\\n\\r\\n<p>&nbsp;</p>\\r\\n\\r\\n<p>　　在刚刚过去的半年里，面对经济增长放缓、周边局势日趋复杂、利益藩篱固化加重等重重压力，中国果敢向改革&ldquo;深水区&rdquo;全面进发。</p>\\r\\n\\r\\n<p>&nbsp;</p>\\r\\n\\r\\n<p>　　带着15个领域60项任务，勇闯关、巧清障，半年来，中国经济从低谷中企稳，民生政策加速落地收效，外交有声有色，反腐治吏赢得民众赞誉&hellip;&hellip;坚定的起步，让中国改革未来可期。</p>\\r\\n\\r\\n<p>&nbsp;</p>\\r\\n\\r\\n<p>　　7月1日起，<a href=\\\"http://www.chinanews.com/\\\" target=\\\"_blank\\\">中新网</a>推出2014年年中策划&mdash;&mdash;《突围：改革元年的破题之道》，敬请关注。</p>\\r\\n\\r\\n<p>　　<strong>中纪委的反腐紧迫感：治吏提速升级 为改革护航</strong></p>\\r\\n\\r\\n<p>　　<a href=\\\"http://www.chinanews.com/\\\" target=\\\"_blank\\\">中新网</a>北京7月2日电 题：中纪委的反腐紧迫感：治吏提速升级 为改革护航</p>\\r\\n\\r\\n<p>　　记者 阚枫</p>\\r\\n\\r\\n<p>　　回顾今年上半年，中国的重拳反腐备受瞩目，中共以从严治吏护航改革的思路已清晰呈现。半年内，16只&ldquo;老虎&rdquo;相继落网，涉腐官员屡被&ldquo;秒杀&rdquo;，查贪领域不设&ldquo;禁区&rdquo;&hellip;&hellip;作为反腐主力军，中纪委正以高密度的官员落马、快节奏的办案速度，展现反腐紧迫感。</p>\\r\\n\\r\\n<p>　　<strong>官员屡被&ldquo;秒杀&rdquo;：反腐提速获舆论拍手称&ldquo;快&rdquo;</strong></p>\\r\\n\\r\\n<p>　　6月的最后一天，官方集中通报了多名违纪违法官员被开除党籍的消息，其中包括中央军委原副主席徐才厚。徐才厚的落马也使中纪委的6月反腐创下多 项纪录：一个月内6只&ldquo;老虎&rdquo;落网，两名副国级官员相继落马，一次宣布四名高官被开除党籍&hellip;&hellip;中纪委&ldquo;打虎&rdquo;频率之高，可谓罕见。</p>\\r\\n\\r\\n<p>　　6月的反腐风暴，可谓上半年中国反腐节奏的鲜明写照。今年前6个月，落马的省部级官员已有：冀文林、祝作利、金道铭、沈培平、姚木根、申维辰、 宋林、毛小兵、谭栖伟、阳宝华、赵智勇、杜善学、令政策、万庆良。加上前不久落马的副国级官员徐才厚和苏荣，上半年共有16只&ldquo;老虎&rdquo;落网。</p>\\r\\n\\r\\n<p>　　根据中央纪委监察部网站&ldquo;案件查处&rdquo;栏的通报，今年上半年被查处官员已有330余人，超过去年全年&ldquo;战果&rdquo;。 无论是反腐查贪的频率，还是落马官员的职级，中纪委上半年的反腐力度都已高于去年。</p>\\r\\n\\r\\n<p>　　&ldquo;快&rdquo;，这是民众对于半年来反腐动作的最直观感受。原广州市委书记万庆良被查前一小时才临时取消考察，原江西省副省长姚木根宣布被查当天，当地 媒体仍发表了一篇他的署名文章；原华润集团董事长宋林发声明否认举报事实的第二天，中纪委就发布消息称其被查&hellip;&hellip;戏剧性的反腐剧情，频获舆论拍手称 &ldquo;快&rdquo;。</p>\\r\\n\\r\\n<p>　　除党政系统和事业单位外，今年以来，已有数十名国企工作人员因贪腐被调查或处罚，涉及能源、钢铁、电力、电信、金融等行业。此外，徐才厚、谷俊山等军方高官的落马，更让&ldquo;查贪无死角&rdquo;成为上半年中共反腐的鲜明注脚。</p>\\r\\n\\r\\n<p>　　此外，今年前5个月，全国因违反八项规定被查处的官员已有23829人，其中包括一名省部级官员。按照这5个月的查处力度，有媒体也预计今年上半年查处违反八项规定的官员数量亦或接近去年全年。</p>\\r\\n\\r\\n<p>　　<strong>专项巡视启动：巡视成&ldquo;拍蝇打虎&rdquo;重要抓手</strong></p>\\r\\n\\r\\n<p>　　十八大以来，&ldquo;巡视&rdquo;成为中共反腐的重要渠道。进入2014年，反腐的升级提速，亦突出表现在中央巡视的力度加强上。</p>\\r\\n\\r\\n<p>　　今年4月，官方透露今年中央常规巡视由每年2轮增加到3轮，新组建3个巡视组，在今年前两轮中央巡视中，将完成对20个省市区的巡视。这也意味着，十八大后开始的中央巡视工作，将在今年完成对全国31个省市区的&ldquo;全覆盖&rdquo;。</p>\\r\\n\\r\\n<p>　　今年3月，2014年首轮中央巡视工作启动。有别于2013年的两轮巡视，此轮巡视中不仅对北京、天津等10省份及新疆生产建设兵团进行常规巡视，还首次推出机制更为灵活的&ldquo;专项巡视&rdquo;，在科技部、复旦大学和中粮集团展开。</p>\\r\\n\\r\\n<p>　　国家行政学院教授汪玉凯接受记者采访时表示，以问题为导向的专项巡视，巡视的不可预知性大大增加，威慑力将会更大，将进一步提高巡视成效，也能切实将一些社会群众关心的大案要案揭发出来。</p>\\r\\n\\r\\n<p>　　除了巡视形式升级，以巡视&ldquo;拍蝇打虎&rdquo;的效果也更明显的凸显。据统计，今年落马的16名高官中，有11人曾在被巡视的省份工作过。此外有媒体统计，至少有68名厅局级官员在2013年第二轮中央巡视整改中被处理。</p>\\r\\n\\r\\n<p>　　除了启动专项巡视，今年首轮巡视开始后，中纪委对舆论反馈第一时间回应也获得赞许。在中央巡视组进驻河南之后，有媒体爆出，河南当地基层官员拦 截向巡视组反映情况的群众，消息发布3天之后，中纪委就在网站头条区域作出回应，打消疑虑：&ldquo;河南正抓紧办理中央第八巡视组交办应由河南办理的信访件&rdquo;。</p>\\r\\n\\r\\n<p>　　今年1月，中共中央政治局常委、中央纪委书记王岐山在十八届中央纪委三次全会上的工作报告中，将修订《中国共产党巡视工作条例(试行)》列入2014年的主要任务。有分析指出，正式运行已11年的中共党内巡视制度，将在未来的中共反腐布局中成为重要抓手。</p>\\r\\n\\r\\n<p>　　<strong>纪委&ldquo;自我开刀&rdquo;：改革体制机制显反腐紧迫感</strong></p>\\r\\n\\r\\n<p>　　&ldquo;坚决查处那些不收敛不收手、群众反映强烈的领导干部。&rdquo;这是王岐山今年4月对反腐工作的表态。</p>\\r\\n\\r\\n<p>　　观察上半年的反腐工作，中纪委的反腐快节奏还反映在领导人的工作日程上。据公开报道显示，今年四五月间，王岐山一个月之内先后6次与中央部门和央企负责人就反腐问题召开专题座谈会。而在&ldquo;五一&rdquo;前，中纪委7位副书记还密集分赴7省市展开反腐调研。</p>\\r\\n\\r\\n<p>　　反腐风暴一年多来，中纪委高层如此高密度召开会议、进行调研较为罕见，有专家分析，这反映出中纪委的反腐紧迫感，亦或在对十八大后反腐成果进行全面评估。</p>\\r\\n\\r\\n<p>　　其实，观察上半年的中纪委工作，紧迫感更表现在中纪委的自我改革中。包括申维辰在内，中纪委上半年屡屡查处违纪违法的纪检系统官员，兑现&ldquo;正人 先正己&rdquo;的承诺。今年3月，中纪委公布的新一轮机构调整中，除了继续增设纪检监察室强化反腐主业，还专门设立纪检监察干部监督室，以强化自身监督。</p>\\r\\n\\r\\n<p>　　中纪委的反腐努力，还表现在通过网络加强官民沟通。今年以来，中纪委官网密集邀请了来自云南、黑龙江、甘肃、江苏、海关总署等部门或地方的官员进行在线访谈。让地方或中央部门党委或纪委&ldquo;一把手&rdquo;在中纪委网站带头发声反腐，获得舆论赞许。</p>\\r\\n\\r\\n<p>　　此外，从让网友建议如何办好中纪委网站，到邀请网友晒&ldquo;四风&rdquo;隐身衣、晒纪律松弛干部，中纪委正在通过网络调动社会监督，集纳反腐民意。</p>\\r\\n\\r\\n<p>　　反腐需要标本兼治。今年上半年的最后一天，中共中央政治局会议审议通过了《党的纪律检查体制改革实施方案》，备受关注的纪检体制改革也将进入实操阶段。</p>\\r\\n\\r\\n<p>　　如今，中国全面深化改革元年已经过半，有分析称，中共以从严治吏护航改革的思路已清晰呈现。在高压严打&ldquo;老虎&rdquo;&ldquo;苍蝇&rdquo;的同时，如何通过体制机制革新，把权力关进&ldquo;制度之笼&rdquo;，未来，中国反腐依然可期。(完)</p>\\r\\n','','2014-07-05 02:54:53','2014-07-05 02:54:53',0,0),(17,16,'民进党代表提案“冻独” 蔡英文:需漫长时间','<p>人民网7月2日电 据台湾《联合报》报道，民进党40位党代表提案&ldquo;冻结台独党纲&rdquo;，要求在7月20日全代会处理。民进党主席蔡英文昨天表示，党纲是党内的重要文件，任何党纲修正都需建立党内共识，这需漫长的时间。</p>\\r\\n\\r\\n<p>&nbsp; &nbsp; 虽然蔡英文表示修正党纲&ldquo;需漫长的时间&rdquo;，但&ldquo;冻独&rdquo;提案起草人、前&ldquo;立委&rdquo;陈昭南认为，此一说法并未反对党纲修正，可算&ldquo;正面回应&rdquo;，&ldquo;也代表&lsquo;台独&rsquo;神主牌不是铁板一块，不是不能改！&rdquo;</p>\\r\\n\\r\\n<p>&nbsp; &nbsp; 蔡英文昨天下午邀请国际媒体驻台记者举行政策简报茶会，就民进党大陆政策、贸易协议、年底七合一选举等议题进行说明。外媒问到&ldquo;冻独&rdquo;提案，蔡英文表示， 目前民进党已有&ldquo;台湾前途决议文&rdquo;，这就是对党纲的诠释，也是民进党目前的政策与共识。她说，任何党纲修正都需建立党内共识，这需漫长的时间。</p>\\r\\n\\r\\n<p>&nbsp; &nbsp; 陈昭南及前&ldquo;立委&rdquo;郭正亮、陆委会前副主委童振源等人起草的&ldquo;冻结台独党纲&rdquo;，已向全代会完成提案，要求冻结&ldquo;已完成历史阶段性任务&rdquo;的&ldquo;台独&rdquo;党纲，以符合当前国际秩序、凝聚台湾共识、避免两岸冲突、确保台海和平，并争取民进党重返执政。</p>\\r\\n\\r\\n<p>&nbsp; &nbsp; 陈昭南表示，提&ldquo;冻独案&rdquo;是为了民进党及台湾人民好，&ldquo;台独&rdquo;党纲应该放在冰箱里。</p>\\r\\n\\r\\n<p>&nbsp; &nbsp; 他认为，民进党内还有很多人靠&ldquo;台独&rdquo;获取选举利益，蔡英文才无法断然处理&ldquo;冻独&rdquo;；但民进党若想赢得更多人民信赖，已难回避&ldquo;冻独&rdquo;问题，全代会就是最佳处理时刻。</p>\\r\\n','','2014-07-05 02:56:15','2014-07-05 02:56:15',0,0),(18,16,'香港多团体示威反对“占中”4人跳海抗议','<p><img alt=\\\"\\\" src=\\\"http://www.haiwainet.cn/HLMediaFile/20140702/6/2632275164979462226.jpg\\\" /></p>\\r\\n\\r\\n<p>　　7月1日，香港特区政府在金紫荆广场举行升旗仪式，庆祝香港回归祖国17周年。图为香港民众参加在金紫荆广场举行的升旗仪式。</p>\\r\\n\\r\\n<p><img alt=\\\"\\\" src=\\\"http://www.haiwainet.cn/HLMediaFile/20140702/59/17141184747341169951.jpg\\\" /></p>\\r\\n\\r\\n<p>　　中国人民解放军驻香港部队7月1日对外开放海军基地昂船洲军营。图为小朋友在参观新型导弹护卫艇。</p>\\r\\n\\r\\n<p>　　7月1日是香港的大日子，庆祝回归祖国17周年活动一浪接一浪。整日欢庆的序幕由一场隆重、庄严的升旗礼拉开，五星红旗和紫荆花区旗在维多利亚港畔升 起。紧随其后，成立17年的特区政府在会展中心举办庆祝酒会，邀请行政会议成员、立法会议员、外国使节和社团领袖等约1200人出席，与特区行政长官等共 同为香港的繁荣稳定举杯。</p>\\r\\n\\r\\n<p><strong>　　回归庆典多</strong></p>\\r\\n\\r\\n<p>　　&ldquo;香港共庆回归赛马日&rdquo;作为重头戏一如既往举行。1日，沙田马场共设11场赛事，让一众&ldquo;马迷&rdquo;引颈以待。除一年一度的&ldquo;香港回归杯&rdquo;外，更将首次举 行&ldquo;粤港杯&rdquo;赛事，标志粤港合作和交流进一步加强。1日晚上，香港普通市民登上红磡体育馆的舞台，参与&ldquo;我要上红馆&rdquo;合唱团比赛，早前从全港18区脱颖而 出的10支组合将争夺总决赛冠军殊荣。此外，香港近千家商铺、酒楼在&ldquo;七一&rdquo;期间推出包罗万象的购物、饮食、旅游优惠，为节日气氛锦上添花。</p>\\r\\n\\r\\n<p>　　不仅如此，香港&ldquo;七一&rdquo;期间，无论是观升旗、看赛马，还是舞龙舞狮、红馆开唱、购物狂欢，香港市民成为欢庆的主角，不少人难掩兴奋之情。现年19岁、 任职服务业的甄先生表示，7月1日虽然要上班，但仍会庆祝回归，因为香港回归是历史性时刻。从加拿大回来的欧阳先生自小在国外长大，但跟甄先生一样，认为 香港回归祖国是大事。</p>\\r\\n\\r\\n<p>　　香港各界庆典委员会执行主席郑耀棠早前表示，&ldquo;七一&rdquo;前后，香港各种庆祝活动多达150项，预计可吸引30余万市民参与。</p>\\r\\n\\r\\n<p><strong>　　各界批&ldquo;占中&rdquo;</strong></p>\\r\\n\\r\\n<p>　　近日，香港《文汇报》、《大公报》、《香港商报》和《信报》等均刊发了庆回归特刊或系列文章。《文汇报》6月30日社评指出，过去17年，越来越多港 人明白了&ldquo;国家好，香港会更好&rdquo;的道理。中央全力支持香港繁荣发展，维护港人福祉，过去如此，现在如此，将来还会如此。</p>\\r\\n\\r\\n<p>　　欢快的气氛里也有些不和谐的音符。针对日前的&ldquo;占中&rdquo;和&ldquo;公投&rdquo;闹剧，北京大学国际关系学院教授印红标认为，&ldquo;一国两制&rdquo;不是资本主义与社会主义的意 识形态对抗，也不是民主自由与共产党领导的所谓体制对抗，&ldquo;一国两制&rdquo;的核心在于香港是否遵守《基本法》，承认中央政府的治理主权。&ldquo;香港极端派不该一味 挑战底线，应在《基本法》的框架下争取权益，内地民众也要客观看待香港社会的多元化&rdquo;。</p>\\r\\n\\r\\n<p>　　<strong>多个团体针对&ldquo;占领中环&rdquo;行动以多种方式发起示威抗议。</strong>港岛工商团体联盟组织30辆汽车，由北角警署慢驶至政府 总部，谴责&ldquo;占中&rdquo;破坏香港法治核心价值，冲击社会秩序，损害香港国际金融中心地位，呼吁警方依法处理。香港妇女联盟则到政府总部外请愿，批评有教师及社 会人士有意误导青少年学生，将&ldquo;占中&rdquo;描述成嘉年华，掩盖其违法的实质。</p>\\r\\n\\r\\n<p>　　香港南区工商业联合总会创会主席廖汉辉形容，&ldquo;占中&rdquo;的行为如同歹徒到银行里持刀挟持人质，逼迫银行给钱，而这种&ldquo;要挟式&rdquo;的行为不仅无助于政改的讨 论，反而使得社会不安，香港&ldquo;永无宁日&rdquo;。他认为，&ldquo;占中&rdquo;人士若真心希望2017年可以实现普选，就应该以和平的方式与政府商讨，而非要挟政府。</p>\\r\\n\\r\\n<p><strong>　　&ldquo;香港市民反&lsquo;占中&rsquo;行动&rdquo;数十名成员6月29日早到尖沙咀天星码头集会，高喊反对&ldquo;占中&rdquo;口号，4人更是以跳海来表达抗议。活动发起人指出，&ldquo;占中&rdquo;对香港的稳定繁荣造成极大破坏，且威胁市民的生命安全，严重侵犯人权，社会各界应群起反对和取缔。</strong></p>\\r\\n\\r\\n<p><strong>　　惠港不会变</strong></p>\\r\\n\\r\\n<p>　　商务部副部长高燕6月30日就&ldquo;占中&rdquo;发表看法时称，其在本质上是违法的，不符合香港社会核心价值。&ldquo;占中&rdquo;对香港的经济发展和民生改善都是有害的， 也将破坏香港正常社会秩序。但高燕强调，这种被视之为政治闹剧的行为不会影响、干扰和动摇中央政府依法推进香港民主的诚意和决心。</p>\\r\\n\\r\\n<p>　　《内地与香港关于建立更紧密经贸关系的安排》（CEPA）实施整10年，两地经贸保持良好发展的势头。商务部台港澳司副司长孙彤说，中环是香港的金融 中枢，&ldquo;占中&rdquo;本身是为了破坏香港经济，&ldquo;如果我们因为占中不支持香港，等于是配合了反对派的做法&rdquo;，孙彤强调，支持香港的发展和繁荣稳定是中央政府一如 既往的政策，不会因此而改变。</p>\\r\\n\\r\\n<p>　　高燕表示，在开放深度上，商务部将进一步采取开放措施，让本港企业在尽量多的领域享受国民待遇；在开放步骤上，推动广东在今年底率先基本实现对港服务贸易自由化，确保到2015年底前后，内地基本实现对港服务贸易自由化。</p>\\r\\n\\r\\n<p>　　数据显示，截至今年5月底，内地累计进口香港CEPA项下受惠货物76.8亿美元，关税优惠额42.2亿元人民币；2800家港企申请利用CEPA优 惠措施投资内地。到目前为止，CEPA始终保持内地对外开放最高水平的地位。高燕表示，CEPA10年来虽取得成效，也在具体落实过程中存在一些不足，需 要进一步完善。</p>\\r\\n','','2014-07-05 02:57:13','2014-07-05 02:57:13',0,0),(19,16,'“毛泽东号”告别68年货运使命 司机长曾需政审(图)','<p><a href=\\\"http://www.vistastory.com/a/201407/1667_2.html\\\"><img alt=\\\"“毛泽东号”告别68年货运使命 司机长曾要政审\\\" src=\\\"http://www.vistastory.com/uploads/20140702/1404261860125903.jpg\\\" /></a></p>\\r\\n\\r\\n<p>昨日，&ldquo;毛泽东号&rdquo;机车牵引着K1071次列车，从北京西站发车开往阜阳。晨报记者 王巍/摄</p>\\r\\n\\r\\n<p>&nbsp;</p>\\r\\n\\r\\n<p><a href=\\\"http://www.vistastory.com/a/201407/1667_2.html\\\"><img alt=\\\"“毛泽东号”告别68年货运使命 司机长曾要政审\\\" src=\\\"http://www.vistastory.com/uploads/201407/90881404262711.jpg\\\" /></a><br />\\r\\n1代1946年为MK1-304蒸汽机车。</p>\\r\\n\\r\\n<p>&nbsp;</p>\\r\\n\\r\\n<p>&nbsp;&nbsp;&nbsp; <strong>中国新闻网讯，昨天下午1点38分，由&ldquo;毛泽东号&rdquo;机车牵引的京九线K1071次旅客列车满载乘客，由北京西站缓缓驶出。&ldquo;毛泽东号&rdquo;此前虽也曾作为临客使用，但这次出发，意味着彻底告别了68年来&ldquo;货运&rdquo;列车的历史任务，从此作为客运列车使用。</strong></p>\\r\\n\\r\\n<p>　　K1071/2次列车开行北京西至安庆。其中，北京西至阜阳段由&ldquo;毛泽东号&rdquo;牵引，全程长855公里，纵跨北京、济南、郑州、上海四个铁路局，中间停靠12站。机车车头上，镶嵌着醒目的红底金色毛泽东像。</p>\\r\\n\\r\\n<p>　　<strong>&ldquo;毛泽东号&rdquo;图谱 大马拉小车 全程手动操作</strong></p>\\r\\n\\r\\n<p>　　&ldquo;毛泽东号&rdquo;机车属于货运机型，战争时期拉的是枪支弹药，和平时期拉的是煤炭物资和保密级别的军用物资。它是世界上单机功率最大的机车，牵引客运列车，可谓是大马拉小车。</p>\\r\\n\\r\\n<p>　 　现任司机长刘钰峰，是&ldquo;毛泽东号&rdquo;的第十二任司机长，也是68年来&ldquo;毛泽东号&rdquo;正式由货运转客运的第一个班组长。他对北京晨报记者介绍说，驾驶货运列车 要安全、正点，客运列车多了一个&ldquo;平稳&rdquo;。&ldquo;货运机型劲大，如今换成客运列车，相当于四驱换两驱。对于司机来说，最难的是在制动和调速上的细节控制。&rdquo;</p>\\r\\n\\r\\n<p>　 　刘钰峰说，他们的目标是，让旅客在车厢内拿水、泡面都稳稳当当，没有感觉。为了让客车走得平稳，&ldquo;毛泽东号&rdquo;必须全程手动操作，因为货运机型的自动挡 &ldquo;太猛&rdquo;。而且，司机还要以毫米计推挡，保证客车制动力平稳。这就要考验司机过硬的手上功夫&mdash;&mdash;精确度，还有经验和车感。</p>\\r\\n\\r\\n<p>　　<strong>里程长一倍 过坡有&ldquo;撞击感&rdquo;</strong></p>\\r\\n\\r\\n<p>　 　&ldquo;毛泽东号&rdquo;一直担当京九线上的货运任务，从北京西至聊城，全程400多公里。改为客运后，从北京西到阜阳，纵跨北京、济南、郑州、上海4个铁路局，中 途停靠12站，北京西至阜阳间运行时间9小时59分，阜阳至北京西间运行10小时58分。客运运输里程全长855公里，比货运时增加了一倍。</p>\\r\\n\\r\\n<p><strong>&nbsp;&nbsp;&nbsp; </strong></p>\\r\\n\\r\\n<p>　　<strong>下一页：第11任司机长赵巨孝：只有&ldquo;毛泽东号&rdquo;司机长要政审</strong></p>\\r\\n\\r\\n<p><strong>&nbsp;&nbsp;&nbsp; </strong>想当&ldquo;主席号&rdquo;的司机长，&ldquo;历史上一点错误不能犯&rdquo;&mdash;&mdash;职业生涯中 不能发生过一起安全事故；遇紧急情况时都能够正确处理。此外，还要思想进步，能够团结同事。与其他车组不同的是，唯有&ldquo;主席号&rdquo;的司机长，每一任都接受了 政审。</p>\\r\\n','','2014-07-05 02:57:47','2014-07-05 02:57:47',0,0),(20,16,'北京警方布控近千座加油站 检查标准高于奥运会','<p><a href=\\\"http://www.chinanews.com/\\\" target=\\\"_blank\\\">中新网</a>北京7月2日电 (记者 于立霄)针对当前严峻的反恐形势，从7月2日起，北京警方派出上千名警力对全市995个加油站进行安全检查。警方表示，此次检查标准远远高于奥运的安全保卫标准。</p>\\r\\n\\r\\n<p>　　北京市公安局内保局重点基础设施保卫大队长曹玮介绍说，此次加油站安全检查是有史以来，北京警方直接组织市公安局层面的警力进行检查。检查的部门由反恐总队、公安内保局、消防局三个组成，投入100个检查组，发动约1000余名警力。</p>\\r\\n\\r\\n<p>　　加油站既是存储易燃易爆物的场所，又是对外服务的公共场所，加油站进行自身安全防范，是此次检查的内容之一。检查涉及人防、物防、技防，使其不会成为恐怖袭击的目标。</p>\\r\\n\\r\\n<p>　　散装汽油违规销售易造成别有用心者制造极端恐怖行为，或者引发其他公共安全事件。此次检查对散装汽油加强管理，控制散装汽油的购买群体，明确规定，购买散装汽油者要由派出所出具证明，到指定加油站加油。此外，无牌照的摩托车、未悬挂牌照的汽车不能进站加油。</p>\\r\\n\\r\\n<table align=\\\"left\\\" border=\\\"0\\\" cellpadding=\\\"0\\\" cellspacing=\\\"0\\\">\\r\\n	<tbody>\\r\\n		<tr>\\r\\n			<td>&nbsp;</td>\\r\\n		</tr>\\r\\n	</tbody>\\r\\n</table>\\r\\n\\r\\n<p>&nbsp;</p>\\r\\n\\r\\n<p>　　目前，北京市对外营业的加油站有995座，每个加油站的地理位置、规模大小不同，警方按照一站一方案、一站一预案进行安保措施。每个加油站都配备专职安全员，站内的收银台、财务室都设置了紧急报警按钮。</p>\\r\\n\\r\\n<p>　　北京警方检查发现，自助加油存在安全隐患和漏洞，此次检查要求，专职安全员要监督、看护自助加油机的加油情况。</p>\\r\\n\\r\\n<p>　　曹玮表示，市中心加油站与远郊区的加油站配备的警力不同，但检查标准是统一的，主责警察每周至少检查一次；遇到重大节假日和重要会议期间，检查 的频率和密度将会加大，至少要一天一检查。检查时若发现加油站存在突出问题，警方将根据视频资料记录，依据相关部门的治安保卫条例进行行政处罚，罚款金额 为1万元至10万元。</p>\\r\\n\\r\\n<p>　　北京警方还要求，加油站的员工要在警方指导下，每半年开展一次反恐防范演练，每次演练完成后，加油站要针对存在的问题完善预案和方案。(完)</p>\\r\\n','','2014-07-05 02:58:53','2014-07-05 02:58:53',0,0),(21,16,'俄设计师首次披露“核提箱”秘密：普京经常操演(图)','<p><a href=\\\"http://www.china.com.cn/news/txt/2014-07/01/content_32819074_2.htm\\\"><img src=\\\"http://images.china.cn/attachement/jpg/site1000/20140701/7427ea210a1f151c30fe4f.jpg\\\" /></a></p>\\r\\n\\r\\n<p>俄&ldquo;核提箱&rdquo;由紧随总统的海军军官携带，这一风尚源于戈尔巴乔夫的夫人赖莎，并沿用至今。</p>\\r\\n\\r\\n<p>中国网7月1日讯 30年前的6月6日，前苏联最具威力的武器&mdash;&mdash;&ldquo;核提箱&rdquo;正式列装。那只其貌不扬的黑箱内藏着的核按钮，是全苏战略核武器的总开关。&ldquo;核提箱&rdquo;代号&ldquo;卡兹 别克&rdquo;（高加索地区山名），虽然体量不大，却堪称战略核武器的指挥控制中枢。它的问世是一项革命性的军事技术创新，成功将前苏联数千枚核弹整合成一体。时 至今天，&ldquo;核提箱&rdquo;仍是俄联邦绝密程度最高的战略设施之一。不久前，俄罗斯记者寻访到&ldquo;核提箱&rdquo;首批研制专家之一的瓦连京&middot;戈卢布科夫（苏联国家奖章获得 者），从而首度揭开了蒙在这件战略武器身上的神秘面纱。</p>\\r\\n\\r\\n<p><strong>美苏核对抗的产物</strong></p>\\r\\n\\r\\n<p>记者（以下简称&ldquo;记&rdquo;）：瓦连京&middot;哈尔拉莫维奇，如今可以说出核提箱的研制方了吧？</p>\\r\\n\\r\\n<p>戈卢布科夫（以下简称&ldquo;戈&rdquo;）：可以，自动化科研所（编注：全称&ldquo;以杜霍夫命名的全俄自动化科学研究所&rdquo;，建立于1954年）。</p>\\r\\n\\r\\n<p>记：研发&ldquo;卡兹别克&rdquo;系统和核提箱的想法是如何产生的？</p>\\r\\n\\r\\n<p>戈：想法来自总参谋部。准确的说，是他们下达 了战技术任务，目的是整合庞大的核导弹部门，对其实施统一指挥。这里有个重要的背景原因。当时美国人在欧洲部署了&ldquo;潘兴&rdquo;导弹，从而将其飞临苏联的时间从 14分钟缩短至5分钟。为此，苏联总参谋部不得不加紧导弹兵的演训，并改进反击-迎击方法。还有个原因是要防止核弹的发射事故。当时发射导弹需要密码，而 密码通常被锁在指挥员的保险柜内。导弹来袭警报拉响之后，有些导弹团团长打开保险柜时，会在忙乱之中拧断钥匙&mdash;&mdash;密码被彻底锁死，这就酿成了重大事故。</p>\\r\\n\\r\\n<p>记：核提箱的工作流程是怎样的？</p>\\r\\n\\r\\n<p>戈：我们的导弹袭击预警雷达站对敌方来袭导弹进行跟踪记录，测定其飞行轨道及打击区域。然后将上述数据传送至&ldquo;核提箱&rdquo;。导弹部队将在数分钟内收到回击的批复。</p>\\r\\n\\r\\n<p>记：由谁批准进行回击？</p>\\r\\n\\r\\n<p>戈：总统。但他作出决定之前，应与同样拥有核提箱的国防部长和总参谋长进行协商。</p>\\r\\n\\r\\n<p>记：谁首先想到要研制出苏联的核提箱？</p>\\r\\n\\r\\n<p>戈：据我所知，是时任总参谋长的阿赫罗梅耶夫元帅，军事情报部门由他直接管辖。当时有情报反映美国人已经有这种提箱&hellip;&hellip;总参谋部于是给我们所下达了研发类似系统的任务。这个系统我们搞了7年才研制成功。</p>\\r\\n\\r\\n<p><strong>命名具有高加索特征</strong></p>\\r\\n\\r\\n<p>记：为什么整个系统被称为&ldquo;高加索&rdquo;，而核提核被称为&ldquo;契格特&rdquo;（高加索地区山名）？</p>\\r\\n\\r\\n<p>戈：当时这一研发方向上的多数项目代号均以高加索名称命名，譬如&ldquo;卡兹别克&rdquo;、&ldquo;高加索&rdquo;、&ldquo;契格特&rdquo;、&ldquo;巴赫桑&rdquo;&hellip;&hellip;我们研发核提箱时，甚至会考虑到国家领导人的特性。要知道，系统的研发始于勃列日涅夫当政时期&hellip;&hellip;</p>\\r\\n\\r\\n<p>记：这很有意思，你们是如何&ldquo;考虑国家领导人的特性&rdquo;的？</p>\\r\\n\\r\\n<p>戈：系统应尽可能做得简单，毕竟勃列日涅夫已经上年纪了。最好是给他只设一两个按钮就全部搞定。打个比方说，红色按钮是发射，黄色按钮是取消。事实上，系统最后做得非常简单，而且完全实现了自主和国产化。</p>\\r\\n\\r\\n<p>记：难道不可以从国外购置一些部件么？</p>\\r\\n\\r\\n<p>戈：这样做很危险，也很可耻。万万不可受制于国外，以后核提箱的零部件需要更换，还得千里迢迢跑到国外？所以，我们使用是自己的电子计算机。而且所有装置均有备份，一旦出现故障可以很快切换。</p>\\r\\n\\r\\n<p>记：&ldquo;核提箱&rdquo;这一说法从何而来？</p>\\r\\n\\r\\n<p>戈：来自&ldquo;卡兹别克&rdquo;系统的总设计师米哈伊尔&middot;谢尔盖耶维奇&middot;洛吉诺夫。有一天洛吉诺夫带着旅行包去某人家做客，放包时开了句玩笑：&ldquo;这是只核提箱&rdquo;。&ldquo;核提箱&rdquo;的说法便不胫而走。</p>\\r\\n\\r\\n<p>记：为什么现在奥巴马会同时携带两只皮箱？</p>\\r\\n\\r\\n<p>戈：一只是主箱，另一只备用。我们也是这样&hellip;&hellip;</p>\\r\\n\\r\\n<p>记：通常还会有第三只，而且会有天线从里面伸出来。这又是什么？</p>\\r\\n\\r\\n<p>戈：这是加密无线通信。如果将核提箱和值班员留在（距离领导人）不远的房间内，就必须保持畅通的通信。</p>\\r\\n','','2014-07-05 03:07:51','2014-07-06 03:33:31',0,0),(22,17,'世界杯8强全产生：历史首次奇景 欧洲美洲势均力敌','<p>新浪体育讯　北京时间7月2号凌晨，巴西世界杯16强淘汰赛的比赛全部结束，经过8场比赛的激烈厮杀，杀入8强赛的劲旅全部出炉。<strong>八个小组第一全部晋级八强，这还是世界杯历史上首次。</strong></p>\\r\\n\\r\\n<p>　　[<a href=\\\"http://2014.sina.com.cn/fixtures/kostage.html\\\" target=\\\"_blank\\\">世界杯8强对阵表</a>] [<a href=\\\"http://2014.sina.com.cn/championsroad/\\\" target=\\\"_blank\\\">预测谁晋级 算出你的冠军之路</a>]</p>\\r\\n\\r\\n<p>　 　在8强中，共有4支欧洲球队、3支南美球队以及1支中北美洲球队，2支非洲全部出局。法国、德国、荷兰三支传统豪门没有给对手制造爆冷的机会，昂首晋级 8强，比利时继续上演&ldquo;黑马本色&rdquo;，挺进8强。三支南美球队中哥伦比亚让人眼前一亮，携手巴西跟阿根廷一起晋级八强赛。[<a href=\\\"http://2014.sina.com.cn/l/aicai/cpj/kstz/\\\" target=\\\"_blank\\\">购买世界杯四强战足彩</a>] [<a href=\\\"http://2014.sina.com.cn/l/aicai/hd/mftz/\\\" target=\\\"_blank\\\">怕赔钱？彩票白送给你</a>]</p>\\r\\n\\r\\n<p>　　16强的淘汰赛堪称惨烈，共有5场比赛踢进了加时赛，其中两场比赛打进了点球大战。智利、墨西哥、希腊、美国、瑞士等队虽然出局，但是却赢得了球迷的掌声，还有像<a href=\\\"http://2014.sina.com.cn/teams/algeria.html\\\" target=\\\"_blank\\\">阿尔及利亚</a>、尼日利亚这样的非洲球队也得到了大家的认可。</p>\\r\\n\\r\\n<p>　　<strong>巴西世界杯8强一览：巴西、哥伦比亚、法国、德国、荷兰、哥斯达黎加、阿根廷、比利时。</strong></p>\\r\\n\\r\\n<p>　　第一场世界杯8强赛将在北京时间7月5号凌晨0点进行，交战双方为法国跟德国。4时巴西登场，迎战状态正佳的哥伦比亚，7月6日0时，阿根廷VS<a href=\\\"http://2014.sina.com.cn/teams/belgium.html\\\" target=\\\"_blank\\\">比利时</a>，4时荷兰迎战本届比赛最大黑马哥斯达黎加</p>\\r\\n','','2014-07-05 03:09:58','2014-07-06 03:33:35',0,0),(23,17,'生死之时梅西站出','<p>自动播放<a href=\\\"http://video.2014.sina.com.cn/p/2014/1/2014/a/2014-07-02/022864058053.html\\\" target=\\\"_blank\\\">梅西突破分球天使绝杀</a><em>（来源：CCTV体育频道）</em></p>\\r\\n\\r\\n<p><img alt=\\\"梅西振臂高呼\\\" src=\\\"http://i3.sinaimg.cn/2014/news/arg/2014-07-02/U5244P1545T33D18781F682DT20140702032411.jpg\\\" />梅西振臂高呼</p>\\r\\n\\r\\n<p><a href=\\\"http://slide.2014.sina.com.cn/m/slide_69_56732_22512.html\\\" target=\\\"_blank\\\"><img alt=\\\"球王时刻！梅西生死之时站出来这就是马拉多纳\\\" src=\\\"http://i1.sinaimg.cn/2014/news/arg/2014-07-02/U6604P1545T33D18781F684DT20140702032742.jpg\\\" /> (点击观看高清组图) </a></p>\\r\\n\\r\\n<p>　　新浪体育讯　&ldquo;梅西现在正处于最高的水准当中，他是世界最佳，是巴萨的当家球星，他在跟上帝一起踢球。&rdquo;马拉多纳曾这样称赞梅西。很多人说，如果说梅西与马拉多纳相比还差点什么的话，那只能是<a href=\\\"http://2014.sina.com.cn/\\\" target=\\\"_blank\\\">世界杯</a>上的表现。但这届世界杯，梅西的表现有了很大的进步，小组赛他场场比赛有进球，淘汰赛虽然没有进球，但在对瑞士的比赛中送出一次关键的助攻，帮助迪马利亚在加时赛得分。梅西的那一脚助攻，颇有球王的风范。一次次在关键时刻发挥作用，梅西越来越向球王靠拢。</p>\\r\\n\\r\\n<p>　　在世界足坛，近年来一直存在一个问题：谁才是历史上最好的球星呢？人们已经开始习惯于把梅西和马拉多纳、贝利并列，将他们看成是历史上最好的球 星，但两位阿根廷球员之间，谁更出色呢？可以肯定的是，两人之间的差距是越来越小的。而喜欢谁更多则是品味问题，比如有人喜欢梵高，有人喜欢毕加索，但你 很难说毕加索和梵高谁更出色。[<a href=\\\"http://2014.sina.com.cn/l/aicai/cpj/kstz/\\\" target=\\\"_blank\\\">购买世界杯4强战足彩</a>] [<a href=\\\"http://2014.sina.com.cn/l/aicai/hd/mftz/\\\" target=\\\"_blank\\\">怕赔钱?彩票白送</a>]</p>\\r\\n\\r\\n<p>　　国家队层面，到目前为止无疑马拉多纳更伟大。马拉多纳26岁登上世界最高领奖台，而梅西在阿根廷国家队还没有收获最高荣誉，他甚至连含金量要低 一些的美洲杯奖杯都未能获得。毫无疑问，梅西已经是当世的最佳球员，多座金球奖就是最好的证明，但是想要成为球王，梅西一定要在世界杯中证明自己才行。</p>\\r\\n\\r\\n<p>　　这届世界杯，梅西开始展现能力，在4场比赛后，谁还能说梅西就一定在世界杯上碌碌无为？对瑞士的比赛，梅西进入禁区的机会不多，他的运动热图也 显示，他更多是在禁区外活动。然而这并非是梅西无所作为，而是他做出牺牲的表现，在阿根廷队内，梅西的责任和压力比在巴萨更重，他也学会了适应这种更高的 要求。梅西知道，阿根廷球迷事实上不单单要求他像巴萨的梅西，还要求他展现哈维和伊涅斯塔的特点。而对瑞士这场比赛，他做到了这一点，他在给迪马利亚和伊 瓜因提供传球的过程中找到了自我，这些致命的传球和哈维、伊涅斯塔为他提供的传球是一样的。</p>\\r\\n\\r\\n<p>　　全场比赛梅西都在拼，而从比赛下半场开始，梅西变得越来越活跃，他和迪马利亚的组合就像当年马拉多纳和卡尼吉亚的组合一样心有灵犀一点通。比赛 最后时刻，梅西发挥了巨星应有的作用，梅西和迪马利亚的配合进球，可以说与当年1990年意大利之夏的世界杯上，阿根廷以1比0战胜<a href=\\\"http://2014.sina.com.cn/teams/brazil.html\\\" target=\\\"_blank\\\">巴西队</a>时马拉多纳助攻卡尼吉亚所进的那个球神似，如果说不是形似的话。</p>\\r\\n\\r\\n<p>　　在中场，梅西像一匹不可阻挡的野马一样，肆意狂奔，他吸引了<a href=\\\"http://2014.sina.com.cn/teams/switzerland.html\\\" target=\\\"_blank\\\">瑞士队</a>多名防守队员。随后，梅西适时地将皮球分给一侧的迪马利亚，&ldquo;天使&rdquo;一蹴而就，绝杀进球，阿根廷战胜了瑞士，避免了进入命运莫测的点球大战。最佳射手同时又是神奇的助攻手，老马经典的复制者，这恐怕要成为梅西和阿根廷永久的话题。</p>\\r\\n\\r\\n<p>　　梅西是一个能创造时代的球员，一个能成为世界最佳的球员，但他过去的作用和马拉多纳不同，他和马拉多纳一样具有打破平衡的能力，但梅西更多依靠 的是纯粹的才华、本能，他在最后解决问题方面的作用要超过创造性的作用。巴萨的&ldquo;马拉多纳&rdquo;其实是哈维而不是梅西。马拉多纳除了盘带之外，传球也享誉世界 足坛。不过这次对瑞士的比赛，梅西完全继承了马拉多纳的传球能力。</p>\\r\\n\\r\\n<p>　 　在问到谁将是历史上的最佳球员时，马拉多纳曾表示，现在&ldquo;盖棺定论&rdquo;还早：&ldquo;这个必须要到梅西结束职业生涯的时候才能有评价。他正走在成为历史最佳的正 确道路上。如果梅西能夺得世界杯，成为历史最佳，我怎能不感到幸福？那样的话，贝利和马拉多纳谁是历史最佳的争论也烟消云散了，最好的一点是，梅西还是阿 根廷人。所有人，包括巴西人、德国人、西班牙人、<a href=\\\"http://2014.sina.com.cn/teams/france.html\\\" target=\\\"_blank\\\">法国</a>人、意大利人都必须承认：世界上最好的球员只能诞生在我们的国家。&rdquo;(席尔瓦)</p>\\r\\n','','2014-07-05 03:11:03','2014-07-05 03:11:03',0,0),(24,17,'穆勒承认任意球跪倒是故意','<p><a href=\\\"http://slide.2014.sina.com.cn/m/slide_69_56732_22486.html\\\" target=\\\"_blank\\\"><img alt=\\\"穆勒承认任意球跪倒是故意训练时奏效比赛变笑话\\\" src=\\\"http://i0.sinaimg.cn/2014/news/ger/2014-07-02/U2035P1545T33D18881F684DT20140702073323.jpg\\\" /> (点击观看高清组图) </a></p>\\r\\n\\r\\n<p>　　新浪体育讯　北京时间7月2日，在周二凌晨德国对阵阿尔及利亚的<a href=\\\"http://2014.sina.com.cn/\\\" target=\\\"_blank\\\">世界杯</a>1/8决赛中，托马斯-穆勒罚任意球的惊天一跪笑翻全场。在赛后接受德国电视台采访时，穆勒承认跪倒是自己故意虚晃一枪，想骗过对方防守的战术戏法。他的队友托尼-克罗斯也表示，他们在训练时这一招很奏效，但是在正式比赛中却失灵了。</p>\\r\\n\\r\\n<p>　 　在比赛第88分钟，德国队获得一个离对方球门25米的任意球，5名德国队球员都站在皮球前，先是施魏因施泰格虚晃虚晃一枪，穆勒后排启动，不过就在刚刚 启动的瞬间，还没迈出一步，穆勒就突然毫无征兆的失去重心原地跪倒，整个过程充满了喜剧性，现场数万球迷也笑声四起。最后德国队的这次任意球以失败告终， 因为<a href=\\\"http://2014.sina.com.cn/teams/algeria.html\\\" target=\\\"_blank\\\">阿尔及利亚</a>的防卫对德国人的一连串假动作不为所动。</p>\\r\\n\\r\\n<p>　　在赛后接受德国电视台访问时，穆勒先是问记者&ldquo;这个采访是在德国播出还是在全球播出？&rdquo;在记者告诉他只会在德国播出时，穆勒笑笑地说：&ldquo;它总是 很奏效的。&rdquo;他承认这是自己故意跪倒，想虚晃一枪骗过对方防守。在问他是否会再一次使用这一招时，穆勒说：&ldquo;那下一场比赛再看了。&rdquo;</p>\\r\\n\\r\\n<p>　　他的队友托尼-克罗斯也承认这是假装跪倒，他们曾经多次训练过。&ldquo;我们练习过这一招，在训练的时候总是很奏效，但在比赛中却失灵了，一点用处也没有。&rdquo;(gogo)</p>\\r\\n','','2014-07-05 03:12:17','2014-07-05 03:12:17',0,0),(25,17,'梅西气场逼近马拉多纳','<p><ins><ins><a href=\\\"http://sax.sina.com.cn/mfp/click?type=3&amp;t=MjAxNC0wNy0wNSAxMToxMjo0NAkxODIuMTA4LjE4OS4xMjkJMTgyLjEwNy4yMjUuMTU3XzEzODI5NzAwMDUuNTcwOTQ2CWh0dHA6Ly8yMDE0LnNpbmEuY29tLmNuL25ld3MvYXJnLzIwMTQtMDctMDIvMDI1MzE4NzU1LnNodG1sCTY5RkJDNzBDQ0I0RglmM2Y3N2RlNi1jZjg1LTQ4OWYtOWFjNC0xOWFiZjFhNTM1YTYJMDYwZThiNzY0MjJlCTA2MGU4Yjc2NDIyZQktCS0JMzE3MDAwfDMxNzAwNQkwNjBlOGI3NjQyMmUJTkIxNDA2MDA1OAkJNjgyM0Q2QTBENUMyCUFFCS0JNgktCS0JLQktCS0JLQktCS0JMg%3D%3D&amp;url=http%3A%2F%2Fe.cn.miaozhen.com%2Fr.gif%3Fk%3D1013082%26p%3D4%2Bm6R0%26ro%3Dsm%26vo%3D392b15c97%26vr%3D2%26rt%3D2%26ns%3D%5BM_ADIP%5D%26ni%3D%5BM_IESID%5D%26na%3D%5BM_MAC%5D%26o%3Dhttp%253A%252F%252Fwww.yetichina.com%252F%253Fcmp%253Dyetichina-campaign_sina-worldcuparticlecontentpagetopnarrowcrossbanner_sinaworldcupcontentpagetopnarrowcrossbanner%2526utm_source%253Dsina%2526utm_medium%253Dsina-worldcuparticlecontentpagetopnarrowcrossbanner_sinaworldcupcontentpagetopnarrowcrossbanner%2526utm_content%253Dyetichn%2526utm_campaign%253Dyetichina-campaign\\\" target=\\\"_blank\\\"><img alt=\\\"http://d1.sina.com.cn/201406/07/555429_skoda_thinbanner_678-45.jpg\\\" src=\\\"http://d1.sina.com.cn/201406/07/555429_skoda_thinbanner_678-45.jpg\\\" style=\\\"height:45px; width:678px\\\" /></a></ins></ins></p>\\r\\n\\r\\n<h1>梅西一脸霸气带队谢球迷 大摇大摆气场像极老马(图)</h1>\\r\\n\\r\\n<p>2014年07月02日02:53&nbsp;&nbsp;<a href=\\\"http://sports.sina.com.cn\\\" target=\\\"_blank\\\">新浪体育</a> <a href=\\\"http://2014.sina.com.cn/news/arg/2014-07-02/025318755.shtml#J_Comment_Wrap\\\">评论中大奖（14,711人参与）</a> 收藏本文</p>\\r\\n\\r\\n<p>自动播放<a href=\\\"http://video.2014.sina.com.cn/p/2014/10/2014-07-02/025064058115.html\\\" target=\\\"_blank\\\">阿根廷赛后疯狂庆祝</a><em>（来源：CCTV体育频道）</em></p>\\r\\n\\r\\n<p><a href=\\\"http://slide.2014.sina.com.cn/m/slide_69_56732_22512.html\\\" target=\\\"_blank\\\"><img alt=\\\"梅西一脸霸气带队谢球迷大摇大摆气场像极老马(图)\\\" src=\\\"http://i3.sinaimg.cn/2014/news/arg/2014-07-02/U6604P1545T33D18755F684DT20140702033557.jpg\\\" /> (点击观看高清组图) </a></p>\\r\\n\\r\\n<p>　　新浪体育讯　梅西贡献助攻，迪马利亚加时绝杀，阿根廷在经历了激动人心的一刻后，挺进<a href=\\\"http://2014.sina.com.cn/\\\" target=\\\"_blank\\\">巴西世界杯</a>八强。赛后，作为队长的梅西，带领队友们向本队球迷致意，展现出了相当的霸气。</p>\\r\\n\\r\\n<p>　　终场哨响起，阿根廷人狂奔雀跃，欢庆来之不易的胜利。梅西与队友相拥，脸上露出了灿烂的笑容。随后当&ldquo;瑞士梅西&rdquo;沙基里满脸泪水陷入伤痛时，梅西已经从喜悦中回复常态，他带领阿根廷的球员，向球迷们鼓掌致意。[<a href=\\\"http://2014.sina.com.cn/l/aicai/hd/mftz/\\\" target=\\\"_blank\\\">投注:世界杯四分之一决赛足彩开售</a>][<a href=\\\"http://2014.sina.com.cn/l/aicai/hd/mftz/\\\" target=\\\"_blank\\\">怕输钱？没关系！现在彩票白送</a>]</p>\\r\\n\\r\\n<p>　　<strong>此时的梅西，表情恢复了平静，微微皱起的眉头，以及沉静的面容，为阿根廷的队长增添了一股霸气。梅西一摇一摆的走在前列，劲头 像极了1994年大摇大摆带队出场的马拉多纳。走到场地中央，梅西向着球迷们鼓掌表示感谢，队友们跟在他身后亦步亦趋，看起来，&ldquo;梅球王&rdquo;已经越来越好的 融入了球队领袖这个角色，他在阿根廷队展示出的气场，已经有点当年球王马拉多纳的意思。</strong></p>\\r\\n','','2014-07-05 03:13:30','2014-07-05 03:13:30',0,0),(26,17,'习近平14日抵巴西将错过决赛 ','<p>　　大公网讯(记者严雪)外界都在&ldquo;传说&rdquo;中国国家主席习近平访问巴西时，将观看<a href=\\\"http://2014.sina.com.cn/\\\" target=\\\"_blank\\\">世界杯</a>决赛。不过大公网记者专访巴西驻华大使雷昂先生时，他透露，根据目前的访问安排，习近平抵达巴西是在14日，将错过世界杯决赛。不过俄罗斯总统普京将会观看。此前印度总理莫迪已经表示，访问巴西参加金砖国家峰会时，不会观看世界杯。</p>\\r\\n\\r\\n<p>　　2014年的夏天，全世界都把目光聚集到了<a href=\\\"http://2014.sina.com.cn/teams/brazil.html\\\" target=\\\"_blank\\\">巴西</a>， 因为世界杯这一足球盛宴终于又回归到了这个足球王国。而巴西作为南美洲领土面积最大、经济最发达的国家，仅仅掀起体育热潮是远远不够的，还将趁热打铁，在 世界杯决赛之后随即举办金砖国家峰会，中国国家主席习近平届时会出席峰会。大公网专访了巴西驻华大使瓦尔德玛&middot;卡内罗&middot;雷昂，据雷昂大使说，习近平并不会 到世界杯决赛的现场观看比赛。</p>\\r\\n\\r\\n<p>　　巴西驻华大使雷昂称，巴西总统罗塞夫知道习近平酷爱足球，在此前已向这位资深球迷发出了邀请，希望他能够前往巴西观看7月13日世界杯决赛。不过目前确认的会到现场观看比赛的国家元首中包括<a href=\\\"http://2014.sina.com.cn/teams/russia.html\\\" target=\\\"_blank\\\">俄罗斯</a>总统普京、南非总统祖玛等，并没有习近平。</p>\\r\\n\\r\\n<p>　　&ldquo;习近平主席会在决赛的第二天到达巴西，两国之间的距离有些远。或许决赛之时他正在来巴西的路上，在飞机上看直播。&rdquo;雷昂同时表示，&ldquo;我想习近 平应该是非常乐意来现场观看比赛的，但是由于时间紧，中间可能会有些环节流程复杂，他到了之后又需要休息等等，所以这次没能来(观看球赛)。&rdquo;</p>\\r\\n\\r\\n<p>　　据报道，同样作为金砖国家印度的新领袖&mdash;&mdash;总理莫迪在不久前也表示，不会到世界杯现场观看比赛。</p>\\r\\n\\r\\n<p>　　今年是中国和巴西建交40周年。两国长期以来建立起了稳定而友好的外交关系，在国际事务中发挥着积极作用。巴西的农产品出口量巨大，而中国作为 巴西的头号经济伙伴，不仅在贸易方面与其互动频繁，还在基础设施建设等方面不断增强了解、扩大合作。而中国企业已经在此次世界杯和2016年里约热内卢奥 运会在建工程中体现出了存在感，雷昂大使同时表示对更多中国企业的加入抱以很大期待。</p>\\r\\n\\r\\n<p>　 　&ldquo;中国和巴西的发展模式虽然有所不同，但是却在不同的时期走了相同的道路。比如，之前中国不断扩大出口，而巴西则着眼于自给自足，满足国内需求。现在， 情况反过来了。中国开始有更多的国内需求，消费水平(提升)，而巴西则希望能够更多的吸引外资，把更多的产品送出国门。因此，未来两国的趋势应该是携手合 作，互相取长补短。&rdquo;雷昂表示。</p>\\r\\n\\r\\n<p>　　虽然中国与拉美不断走近，雷昂却并不认同这是中国进军&ldquo;<a href=\\\"http://2014.sina.com.cn/teams/usa.html\\\" target=\\\"_blank\\\">美国</a>后院&rdquo;的说法。&ldquo;因为巴西是个独立的国家，拉美的其他国家也同样不会受到别人的摆布。我们秉持和平的原则和很多国家保持合作，但不代表我们会失去自己的主张，成为别人的&lsquo;后院&rsquo;。&rdquo;雷昂解释道。</p>\\r\\n\\r\\n<p>　　世界杯的来临为巴西提供了不少的发展机遇，同时巴西在缩小贫困差距方面也取得了很大的成果，贫困线下的人口比例由2003年的12%降至了 2013年的3.5%。政府选择将补助发放给妇女，并作为子女的教育基金。雷昂称：&ldquo;这样一举两得，不仅保证了贫困补助送到穷人手里，还能帮助他们的孩子 获得更好的教育。&rdquo;</p>\\r\\n','','2014-07-05 03:14:00','2014-07-05 03:14:00',0,0),(27,17,'白宫也疯狂！奥巴马组织看世界杯 采访室变酒吧(图)','<p><img alt=\\\"美国总统在白宫看世界杯\\\" src=\\\"http://i1.sinaimg.cn/2014/news/o/usa/2014-07-02/U2010P1545T33D18911F682DT20140702062207.jpg\\\" />美国总统在白宫看世界杯</p>\\r\\n\\r\\n<p><a href=\\\"http://slide.2014.sina.com.cn/story/slide_69_56732_22535.html#p=2\\\" target=\\\"_blank\\\"><img alt=\\\"白宫也疯狂！奥巴马组织看世界杯采访室变酒吧(图)\\\" src=\\\"http://i0.sinaimg.cn/2014/news/o/usa/2014-07-02/U3513P1545T33D18911F684DT20140702084634.jpg\\\" /> (点击观看高清组图) </a></p>\\r\\n\\r\\n<p>　　新浪体育讯　北京时间7月2日，<a href=\\\"http://2014.sina.com.cn/\\\" target=\\\"_blank\\\">巴西世界杯</a>1/8决赛美国队对比利时比赛在巴西萨尔瓦多激战正酣，美国人民为此疯狂！在白宫，美国总统奥巴马以及众多官员们集体看球，为美国队加油呐喊！奥巴马并坚定地表示，美国队会赢！</p>\\r\\n\\r\\n<p>　　<strong><a href=\\\"http://slide.2014.sina.com.cn/story/slide_69_56732_22535.html\\\" target=\\\"_blank\\\">高清图：奥巴马白宫看球助威</a> <a href=\\\"http://slide.2014.sina.com.cn/o/slide_69_56732_22104.html\\\" target=\\\"_blank\\\">奥巴马空军一号看球</a></strong></p>\\r\\n\\r\\n<p><img alt=\\\"驻白宫记者在采访时看比赛\\\" src=\\\"http://i3.sinaimg.cn/2014/2014/0702/U2010P1545DT20140702062152.jpg\\\" />驻白宫记者在采访室看比赛</p>\\r\\n\\r\\n<p>　　在一个较大的会议室，奥巴马和上百名白宫官员坐在一起，在电视机前为<a href=\\\"http://2014.sina.com.cn/teams/usa.html\\\" target=\\\"_blank\\\">美国队</a>加油！而驻白宫的记者们，也在采访室兴奋地观看这场比赛，整个采访室瞬间变成了体育酒吧，激情又热闹。</p>\\r\\n\\r\\n<p>　　奥巴马对美联社记者坚定地表示：&ldquo;我相信，我们会赢。&rdquo;(gogo)</p>\\r\\n','','2014-07-05 03:14:46','2014-07-05 03:14:46',0,0),(28,17,'梅西连续4场获全场最佳球员 ','<p><img alt=\\\"梅西突破分球天使绝杀\\\" src=\\\"http://p.v.iask.com/90/83/134872907_1.jpg\\\" style=\\\"height:90px; width:120px\\\" /> <em>play</em> 梅西突破分球天使绝杀</p>\\r\\n\\r\\n<p><img alt=\\\"梅西突破天使拨球怒射\\\" src=\\\"http://p.v.iask.com/862/601/134872889_1.jpg\\\" style=\\\"height:90px; width:120px\\\" /> <em>play</em> 梅西突破天使拨球怒射</p>\\r\\n\\r\\n<p><img alt=\\\"老黄：梅西解决比赛\\\" src=\\\"http://p.v.iask.com/593/603/134872993_1.jpg\\\" style=\\\"height:90px; width:120px\\\" /> <em>play</em> 老黄：梅西解决比赛</p>\\r\\n\\r\\n<p><img alt=\\\"迪马利亚绝杀3D回放\\\" src=\\\"http://p.v.iask.com/260/339/134872967_1.jpg\\\" style=\\\"height:90px; width:120px\\\" /> <em>play</em> 迪马利亚绝杀3D回放</p>\\r\\n\\r\\n<p><img alt=\\\"梅西连续四场获评最佳球员\\\" src=\\\"http://i2.sinaimg.cn/2014/news/arg/2014-07-02/U7880P1545T33D18800F682DT20140702035235.jpg\\\" />梅西连续四场获评最佳球员</p>\\r\\n\\r\\n<p><a href=\\\"http://slide.2014.sina.com.cn/m/slide_69_56732_22512.html\\\" target=\\\"_blank\\\"><img alt=\\\"天王梅西！连续4场当选全场最佳世界杯历史第一人\\\" src=\\\"http://i1.sinaimg.cn/2014/news/arg/2014-07-02/U6604P1545T33D18800F684DT20140702035712.jpg\\\" /> (点击观看高清组图) </a></p>\\r\\n\\r\\n<p>　　新浪体育讯　阿根廷和<a href=\\\"http://2014.sina.com.cn/teams/switzerland.html\\\" target=\\\"_blank\\\">瑞士</a>的这场八分之一决赛酣战了整整120分钟才分出胜负，在第118分钟迪马利亚的一脚左脚推射拯救了阿根廷队。虽说绝杀进球来自全场都很活跃的天使，不过给他送出精妙传球的还是球队核心梅西。赛后，梅西也被FIFA官方评为本场最佳球员。</p>\\r\\n\\r\\n<p>　　助攻迪马利亚的这球梅西拿捏得恰到好处。迪马利亚作为左脚球员本场比赛更多地出现在了右路，可以看出他在处理球的时候无论是传中还是射门都有些 别扭，甚至用上了交叉腿传中这种杂耍般的招数。虽然&ldquo;面条&rdquo;全场射门次数12次，几乎达到了瑞士全队的数量，不过打正的只有3脚。梅西的这脚关键助攻喂得 极其舒服，把球准确地送到了迪马利亚的左脚处，后者完全不用调整，只需要轻松推射远角就攻破了对方门将的十指关。全场比赛梅西仅仅射门两次，但他送出了8 次的关键一传，给队友们创造了大把的好机会。同时，梅西不时的盘带和突破也成为了球队进攻活力的源泉，无愧全场最佳称号。[<a href=\\\"http://2014.sina.com.cn/l/aicai/cpj/kstz/\\\" target=\\\"_blank\\\">购买世界 杯四强战足彩</a>] [<a href=\\\"http://2014.sina.com.cn/l/aicai/hd/mftz/\\\" target=\\\"_blank\\\">怕赔钱？彩票白送给你</a>]</p>\\r\\n\\r\\n<p>　　从第一场对波黑的一锤定音，到第二场对伊朗的终场绝杀，到第三场对尼日利亚的梅开二度再到今天对瑞士的致命一传，<strong>梅西已经连续四场被评为全场最佳，这在今年所有参加世界杯的球员中是独一无二的</strong>，无愧世界杯第一人。梅西在每场比赛中都展示了以一人之力决定比赛的能力，假如没有他，阿根廷很可能连一场胜利都拿不到。只要他继续保持这样的好状态，阿根廷一路杀进决赛甚至捧杯都不会令人感到惊讶。对于阿根廷来说，过分依赖梅西可能是他们一个幸福的烦恼吧。</p>\\r\\n','','2014-07-05 03:15:19','2014-07-05 03:15:19',0,0),(29,17,'米卢:没梅西阿根廷是二流','<p>　　新浪体育讯　7月2日凌晨，随着美国和比利时的最后一场世界杯八分之一比赛结束， <a href=\\\"http://2014.sina.com.cn/\\\" target=\\\"_blank\\\">巴西世界杯</a>8 强全部产生。八分之一比赛竞争激烈进球不多，五场比赛进入了加时，巴西和智利、哥斯达黎加和希腊靠点球决胜，荷兰是在补时阶段胜出晋级，法国和哥伦比亚在 90分钟之内分别解决战斗。对此，新浪前方特约专家米卢分析说，&ldquo;淘汰赛如此胶着的一大原因是门将表现太过于出色，我当年一手提携了霍华德。&rdquo;</p>\\r\\n\\r\\n<p>　　米卢认为，本届<a href=\\\"http://2014.sina.com.cn/teams/brazil.html\\\" target=\\\"_blank\\\">巴西</a>世 界杯的一大特点是门将表现太过于出色，瑞士贝纳利奥、尼日利亚恩耶亚马，美国的霍华德，哥斯达黎加门将纳瓦斯，墨西哥门将奥乔亚都是世界级的门将，这几名 门将在过去一个赛季的各项数据也都非常出色，&ldquo;在门将表现出色和防守严密情况下，这样的比赛将变得非常困难，像德国门将诺伊尔简直变成了第五名后卫，现代 足球完全改变了门将的属性。&rdquo;</p>\\r\\n\\r\\n<p>　　米卢透露了一些不为人所知的秘闻，在1998年他执教纽约地铁明星队时，正是米卢从二线队挖掘出了霍华德，把他调入一线队，才有了今天美国门神的成就，&ldquo;美国队打<a href=\\\"http://2014.sina.com.cn/teams/belgium.html\\\" target=\\\"_blank\\\">比利时</a>的战术是后发制人，在最后的加时赛，实际上美国队的机会更多，但美国队缺乏好一点的射手，否则将会上演大逆转。&rdquo;</p>\\r\\n\\r\\n<p>　　米卢认为，本届巴西世界杯，能走到最后的都是拥有天才球员的球队，&ldquo;在门将表现出色和防守严密情况下，决定比赛的只能是天才球员，如果阿根廷队没有像梅西这样的天才球员，这场比赛的结果就很难预料，<a href=\\\"http://2014.sina.com.cn/teams/switzerland.html\\\" target=\\\"_blank\\\">瑞士队</a>就给了梅西一秒钟的时间，就让他抓住了机会。但阿根廷整体表现不好，如果没有梅西，阿根廷就是一支二流球队。&rdquo;</p>\\r\\n\\r\\n<p>　　在目前情况下，米卢更看好<a href=\\\"http://2014.sina.com.cn/teams/netherlands.html\\\" target=\\\"_blank\\\">荷兰</a>、阿根廷和巴西这三支球队，因为这几支球队恰恰拥有得分的天才。</p>\\r\\n','','2014-07-05 03:15:48','2014-07-05 03:15:48',0,0),(30,18,'黄奕老公与多名女星不雅视频曝光(图)','<p><a href=\\\"http://www.vistastory.com/a/201407/1666_2.html\\\"><img alt=\\\"黄奕老公与多名女星不雅视频曝光(图)\\\" src=\\\"http://www.vistastory.com/uploads/20140702/1404262704159238.jpg\\\" /></a></p>\\r\\n\\r\\n<p>疑似黄奕老公艳照</p>\\r\\n\\r\\n<p>&nbsp;</p>\\r\\n\\r\\n<p>&nbsp;</p>\\r\\n\\r\\n<p>　　据三湘都市报报道&nbsp; 根据@安迪黄真实爆料7月1日下午的爆料，黄毅清疑似与霍思燕王珞丹徐贝贝等女星有染，一起来看看黄毅清不雅视频完整版，黄毅清霍思燕徐贝贝不雅照高清组图。</p>\\r\\n\\r\\n<p>&nbsp;</p>\\r\\n\\r\\n<p>　　<strong>黄毅清不雅艳照视频曝光</strong></p>\\r\\n\\r\\n<p>&nbsp;</p>\\r\\n\\r\\n<p>　　根据@安迪黄真实爆料7月1日下午的爆料，黄毅清疑似与霍思燕徐贝贝等女星有染，如果事情为真，可以封黄冠希了。</p>\\r\\n\\r\\n<p>　 　2014年最佳艳照要出炉了，黄奕老公黄毅清模仿陈冠希与众多女星拍摄了多组视频和艳照，而且是在2012年黄奕怀孕期间，看来渣男是把陈冠希当作自己 的偶像了，里面清晰的看到有叫徐贝贝的音乐人还要冰冰，心琪之类的，还有很多代号，里面居然有霍思燕和郝蕾，看来曾经的仇怨不是一两天啊，黄奕一个是你的 情敌一个是闺蜜，你情何以堪啊。</p>\\r\\n','','2014-07-05 03:17:12','2014-07-05 03:17:12',0,0),(31,18,'网曝黄奕老公出轨不雅视频 回应：没高清给个动图','<p>字号：</p>\\r\\n\\r\\n<p><img alt=\\\"\\\" src=\\\"http://china.haiwainet.cn/NMediaFile/2014/0702/LOCAL201407020724000131578891655.jpg\\\" style=\\\"height:702px; width:550px\\\" /></p>\\r\\n\\r\\n<p><strong>海外网7月2日综合报道</strong>&nbsp;黄奕和老公黄毅清的狗血剧继续升级，1日下午，有名为&ldquo;安迪黄真实爆料&rdquo;的网友发布微博， 称手中握有多个黄奕老公与不同女性的性爱视频。王思聪转发了该条微博，并评论道：&ldquo;纹身这种东西&hellip;让人想抵赖都不行&rdquo;。不过黄毅清本人否认是不雅视频的男 主角，他在微博写道：&ldquo;别闹了，有料就放。就算没有1080P高清HD也至少给个GIF吧，从照片来看感觉是可乐也说不定&hellip;&hellip;&rdquo;</p>\\r\\n\\r\\n<p>7月1日14点04分，网友&ldquo;安迪黄真实爆料&rdquo;通过微博爆料称：&ldquo;最新获得劲爆的监控男andy偷拍及自拍的XX视频及艳照，前几个视频可以看出为 2012年其驾驶兰博基尼车内镜头，其他均为近两年自拍的XX视频，通过文件名可以看到andy对不同女性名字还加以标注了&hellip;&hellip;@黄奕 怀孕期间他竟然睡过这么多女孩，先发张马赛克艳照来向这位黄冠希致敬！脑残andy拍完视频竟不藏好！&rdquo;并上传黄毅清和陈冠希的合影。</p>\\r\\n\\r\\n<p>对于此劲爆消息，黄毅清于当天的21点21分，通过微博回应艳照门视频，称：&ldquo;就算没有1080P高清HD也至少给个GIF吧，从照片来看感觉是可乐也说不定&hellip;&hellip;&rdquo;</p>\\r\\n\\r\\n<p>随后，在同一天的22点55分，黄毅清再次更新微博，带讽刺口吻 ：&ldquo;黄奕真的是一个好妻子，结婚后就相夫教子，不会婚后跟富商出去约会乱来，前夫对她的评价很高，黄奕更是个爱孩子的好妈妈，微博里更新的全是孩子的照 片，黄奕也是个温柔的好姑娘从来不会大声的说话，不会像泼妇一样的骂街，黄奕很顾家从来不会找人去黑在自己的老公。黄奕简直就是站在道德最高点上的女 神！&rdquo;网友纷纷表示很崩溃：&ldquo;黄毅清的一系列微博真是让人摸不着头脑。&rdquo;</p>\\r\\n','','2014-07-05 03:17:45','2014-07-05 03:17:45',0,0),(32,18,'麻雀抢食散落大米成批死亡 专家：可能撑死的','<p><img alt=\\\"麻雀抢食散落大米成批死亡 专家：可能撑死的\\\" src=\\\"http://img3.cache.netease.com/cnews/2014/7/2/20140702002938c286e.jpg\\\" /></p>\\r\\n\\r\\n<p>　　网络配图</p>\\r\\n\\r\\n<p>　　6月29日，一艘货船在夜明珠码头装运大米的过程中，不少大米散落在了地上，20余只麻雀在此抢食大米后相继死亡。事发后，宜昌市政府、公安局和食品药品监督管理局高度重视，经过对该船装运的4批大米进行取样抽检化验，确认大米并无问题。</p>\\r\\n\\r\\n<p>　　&ldquo;很多麻雀抢食大米后死了。&rdquo;6月29日上午，一位居民报警称，一艘货船停靠在夜明珠码头处装运大米，其间有不少大米散落在了地上，很多麻雀都飞来抢食地上的大米，可不久后却开始相继死亡，不知什么原因。</p>\\r\\n\\r\\n<p>　　接到报警后，宜昌市政府高度重视，立即安排工作人员和市公安局、食品药品监督管理局稽查分局工作人员一起赶至夜明珠码头。工作人员赶到现场时， 货船正在装运大米，地上确实散落有不少米粒，现场四周还有20余只死亡麻雀的尸体。经了解，这几十吨大米共有4个型号，均产自东北，在此装船后准备运往重 庆。工作人员随后对4批大米分别取样，并要求货船在结果出来前不得离开。</p>\\r\\n\\r\\n<p>　　技术人员经过连夜抽检化验，4批大米均无任何质量问题，货船于30日上午离开夜明珠码头驶往重庆。而对于麻雀的死亡，技术人员分析说，它们可能是抢食大米过多导致撑死，也可能是在其它地区食入不健康物品后，恰好在此抢食大米时出现死亡。</p>\\r\\n','','2014-07-05 03:18:17','2014-07-05 03:18:17',0,0),(33,18,'日本女星拍征兵宣传片 欲激发宅男入伍(图)','<p><img alt=\\\"日本用美女明星拍征兵宣传片 欲激发宅男入伍\\\" src=\\\"http://img6.cache.netease.com/cnews/2014/7/2/20140702014415c363a.jpg\\\" /><br />\\r\\n日本自卫队邀清纯系酒窝大美女拍征兵宣传片</p>\\r\\n\\r\\n<p><img alt=\\\"日本用美女明星拍征兵宣传片 欲激发宅男入伍\\\" src=\\\"http://img5.cache.netease.com/cnews/2014/7/2/20140702014739f90b6.jpg\\\" /><br />\\r\\nAKB48乐队成员島崎遥香出镜</p>\\r\\n\\r\\n<p><img alt=\\\"日本用美女明星拍征兵宣传片 欲激发宅男入伍\\\" src=\\\"http://img6.cache.netease.com/cnews/2014/7/2/201407020149097a353.jpg\\\" /><br />\\r\\nAKB48乐队成员島崎遥香出镜</p>\\r\\n\\r\\n<p>日本一年一度的征兵活动又开始了，为了吸引宅男们为国效力，自卫队经常邀请知名美女明星来拍征兵宣传片，以激励起宅男们的报国之心。今年也不例外，邀请了AKB48乐队清纯系美女队员島崎遥香出镜。此美女两个迷人的大酒窝，配合纯纯造型，果然很有杀伤力!</p>\\r\\n','','2014-07-05 03:19:05','2014-07-05 03:19:05',0,0),(34,18,'网曝汪峰章子怡即将完婚 圈内密友收二人喜帖','<p><img alt=\\\"\\\" src=\\\"http://news.xinhuanet.com/gangao/2014-07/02/126700003_14042630614761n.jpg\\\" /></p>\\r\\n\\r\\n<p>　　疑似二人喜帖截图</p>\\r\\n\\r\\n<p>　　据凤凰娱乐综合报道，近日，章子怡为汪峰高 调庆生，让两人恋情再次成为焦点。有消息称章子怡开始&ldquo;见习&rdquo;做妈妈，最近都陪着汪峰的女儿，两人看样已经到了要结婚的节奏。7月1日22点许，知名娱乐 评论人&ldquo;舞美师&rdquo;在其微博爆料称汪峰与章子怡即将完婚，他称据某圈内人士爆料，有圈内密友已收到二人微信喜帖。之前二人的好消息一直频传，不知这次是否为 真。</p>\\r\\n\\r\\n<p>　　<strong>舞美师博客爆料原文：</strong></p>\\r\\n\\r\\n<p>　　据了解，当天的生日派对是汪峰与章子怡在一起后度过的第一个生日，意义非凡。外界一直盛传汪峰在生日派对上有大动作，可能会向章子怡求婚。但据现场的朋友透露，汪峰当天并没有向章子怡求婚，只是汪峰喝高的时候亲吻章子怡。爆料人透露，汪峰在此之前已经向子怡求婚成功，而&ldquo;影后&rdquo;也已经决定与&ldquo;音帝&rdquo;拉埋天窗。</p>\\r\\n\\r\\n<p>　　从疑似流出的二人微信喜帖上 看出，婚礼地址及时间被有意覆盖。但众所周知，章子怡跟汪峰的恋情始于牌桌，网络盛传汪峰在澳门帮助章子怡父母连赚好几十万，先搞定老丈人才赢得女神心， 而章子怡也曾被拍到赴澳门陪汪峰小赌怡情的照片。舞美师觉得，音帝影后赌桌定情，此次婚讯传闻若为真，二人应该把婚礼地点选在澳门或者拉斯维加斯，赌城婚 礼，既符合二人的共同嗜好，同时浪漫而有纪念意义。</p>\\r\\n\\r\\n<p>　　自2013年9月13日汪峰自曝离婚当天与章子怡传出绯闻，到上海万人演唱会上音帝深情告白，二人恋情正式曝光, 再加之近期汪峰大连开唱为章子怡造&ldquo;星空&rdquo;，并当台示爱说蜜语，引发网友对&ldquo;汪嫂&rdquo;的呼唤。虽每次都错过&ldquo;头条&rdquo;，但&ldquo;峰子恋&rdquo;在娱乐圈确实掀起了一波又一波的话题高潮，舞美师也祝福二人早日修成正果。</p>\\r\\n','','2014-07-05 03:19:42','2014-07-05 03:19:42',0,0),(35,18,'传白百何奢侈品店偷东西 疑其偷窃史被曝光','<p><a href=\\\"http://life.gmw.cn/2014-07/02/content_11809933_2.htm\\\" target=\\\"_self\\\"><img alt=\\\"\\\" src=\\\"http://imglife.gmw.cn/attachement/jpg/site2/20140702/002564a556bb151dab7711.jpg\\\" /></a></p>\\r\\n\\r\\n<p>　　广州日报 李渊航</p>\\r\\n\\r\\n<p>　　原标题：传白百何奢侈品店偷东西</p>\\r\\n\\r\\n<p>　　<strong>经纪人辟谣否认</strong></p>\\r\\n\\r\\n<p>　　本报讯（记者李渊航）昨日，有网友在社交网站上爆料，称白百何在上海某奢侈品店购物时因忘记付款顺手拿走商店商品，店方因对方是明星且物品价格数额不大并未报警。白百何宣传方面表示，白百何当天在北京并未在上海购物，消息需要进一步求证。</p>\\r\\n\\r\\n<p>　　昨日，网友发帖称&ldquo;白百何在奢侈品店顺东西，被发现了，在上海，她咋想的。&rdquo;消息一出，立刻引起关注。在网友追问下，发帖人进一步表示&ldquo;解释 下，为什么说顺，不说偷。因为买了好几万，就顺了个小玩意而已，被发现后说是忘结账啦。当然警报是响起来的。&rdquo;面对网友&ldquo;可能真的是忘记结账了&rdquo;的疑问， 帖主表示&ldquo;真不是第一次了，做奢侈品的亲，应该懂的。&rdquo;帖主透露地点在上海恒隆广场。</p>\\r\\n\\r\\n<p>　　也有网友称&ldquo;她那么有钱，不可能。&rdquo;帖主则辩解&ldquo;艾薇儿还有钱呢，照样偷，这是瘾，上学时候她就偷。&rdquo;而帖主所说的&ldquo;不是第一次&rdquo;、&ldquo;上学时候 就偷&rdquo;，疑似指白百何大学时偷东西的前科。资深娱乐评论人&ldquo;扒皮王&rdquo;发微博称：&ldquo;网传她以前疑似在舞蹈学院就是因为偷东西被开除而去考中戏的。&rdquo;这在圈内 也是公开的秘密。记者向白百何宣传求证上海顺东西一事，对方表示白百何当天在北京并未在上海购物需要进一步求证</p>\\r\\n','','2014-07-05 03:20:11','2014-07-05 03:20:11',0,0),(36,18,'美女老板开玛莎拉蒂送外卖 创业初期为节约时间(图) ','<p><img alt=\\\"\\\" src=\\\"http://news.xinhuanet.com/overseas/2014-07/02/126698768_14042569826871n.jpg\\\" /></p>\\r\\n\\r\\n<p>　　昨日，江北北滨路，开跑车送外卖的女子和她的宝蓝色玛莎拉蒂跑车。重庆晨报记者杨新宇摄</p>\\r\\n\\r\\n<p>　　哇！这个美女开起玛莎拉蒂送外卖</p>\\r\\n\\r\\n<p>　　&ldquo;为同事们订了一些海鲜卤味，没想到来送餐的女老板竟然开着宝蓝色的玛莎拉蒂，顿时惊呆了。&rdquo;前天，南坪四公里的王先生在他的朋友圈里发出一条微信。这条消息立马引起了众人的好奇：送餐的女老板是谁？她为何开着跑车送餐？</p>\\r\\n\\r\\n<p>　　送餐女竟然开着玛莎拉蒂</p>\\r\\n\\r\\n<p>　　前天晚上7点，南坪四公里海棠汽修厂里一片忙碌，为犒劳辛苦了一天的工作人员，老板王先生打电话订了几份海鲜卤味外卖。</p>\\r\\n\\r\\n<p>　　大约20钟后，一辆宝蓝色的玛莎拉蒂跑车驶进了汽修厂。&ldquo;刚开始，我还以为是上门维修的顾客。&rdquo;王先生说，让他和同事没想到的是，一位年轻女子从车里走了出来，她从后备厢里取出了几盒卤味外卖。</p>\\r\\n\\r\\n<p>　　&ldquo;一时间，大伙儿都惊呆了。在我的印象中，送餐的人一般都是穿着黄马甲，骑着摩托车，后面拴个餐盒箱。&rdquo;王先生说，年轻女子开着超级跑车送外卖，他还是第一次遇到。&ldquo;享受了一把贵族待遇，连路边的人都惊奇地看我们。&rdquo;</p>\\r\\n\\r\\n<p>　　刚开始，王先生还以为她是顺路帮朋友送来的，后来一问才知道，她就是海鲜卤味外送店的老板，这辆车是她的私家车。&ldquo;这应该算是重庆最牛的送餐人了吧。&rdquo;王先生纳闷，这位年轻的女子为何开着豪车送卤味？</p>\\r\\n\\r\\n<p>　　开跑车送外卖快4个月了</p>\\r\\n\\r\\n<p>　　昨天，重庆晨报记者找到了开跑车送餐的车主奇奇（化名）。上午10点半，她来到位于北滨路的一家酒吧，宝蓝色的玛莎拉蒂一个急转弯驶进了停车场。</p>\\r\\n\\r\\n<p>　　奇奇说，她今年27岁，目前经营着一个酒吧和一个外送餐厅。&ldquo;开跑车送外卖已经持续快四个月时间了。&rdquo;奇奇说，她发现很多&ldquo;夜猫子&rdquo;买了卤味， 然后带回家吃。&ldquo;夜间外送是个很大的市场，很多年轻人晚上饿了又不想出门，谁来解决他们的需求？&rdquo;于是，奇奇就利用资源开了间卤味外送店。</p>\\r\\n\\r\\n<p>　　&ldquo;主城区都能送，我们承诺，顾客下单后半小时内送到。&rdquo;奇奇说，刚开业的时候，全部订单都由她一个人配送，上个月开始，才又加了两个工作人员。</p>\\r\\n\\r\\n<p>　　为何用跑车送餐？&ldquo;这辆车买了几年了，我一直在开。&rdquo;奇奇说，她不是故意非要用跑车来送餐，但也不想因为送餐就又去买辆车，&ldquo;一切都是自然发生的&rdquo;。奇奇说，她目前还处于创业初期，生意好的时候一天有5000元左右的营业额，除去成本还有利润可赚。</p>\\r\\n\\r\\n<p>　　常因开跑车&ldquo;吓到&rdquo;顾客</p>\\r\\n\\r\\n<p>　　奇奇也承认，因为这辆超级跑车，关注她的人越来越多了。&ldquo;吓到&rdquo;顾客、顾客变粉丝、为看跑车常点餐，这些趣事都曾发生过。</p>\\r\\n\\r\\n<p>　　前几天，奇奇就遇到过一个订餐的顾客，&ldquo;可能为了看世界杯，半夜12点多才下订单。&rdquo;当时顾客催了好几次，有些不耐烦了。可当奇奇开车抵达时， 等候多时的顾客也同样被&ldquo;吓到&rdquo;了，竟然和奇奇聊起了跑车。&ldquo;这样的事有很多，我也能够理解。&rdquo;奇奇笑着说，虽然初衷并不是用跑车吸引眼球，但如果能带动 更多的顾客，她也不介意大家因为想看到跑车而点外卖。</p>\\r\\n\\r\\n<p>　　开跑车送餐为了节约时间</p>\\r\\n\\r\\n<p>　　记者：你是否觉得自己的创业方式比别人优越？</p>\\r\\n\\r\\n<p>　　奇奇：除了车好点，其他的真没有，可能还比别人更累。我们主攻夜间外送，送餐到凌晨两三点是常事。</p>\\r\\n\\r\\n<p>　　记者：没有想到专门买个送餐车？</p>\\r\\n\\r\\n<p>　　奇奇：没有想过，但如果创业走上了轨道，我会考虑在外送配备上进行细化。</p>\\r\\n\\r\\n<p>　　记者：有没有顾客为了炫耀有人开跑车送餐而订餐？</p>\\r\\n\\r\\n<p>　　奇奇：有，而且不少，都是些爱车的朋友。</p>\\r\\n\\r\\n<p>　　记者：很多人会觉得你的成本太高了。</p>\\r\\n\\r\\n<p>　　奇奇：他们只考虑到油钱成本，而没认识到时间才是最主要的成本。</p>\\r\\n\\r\\n<p>　　记者：家人和朋友怎么看你用跑车送餐？</p>\\r\\n\\r\\n<p>　　奇奇：家人比较支持，朋友有一些不同的看法。我的朋友大都是爱车族，他们觉得没必要用跑车去送外卖，但我还在创业初期，为什么不能利用现有的条件送餐，而非要再去配置一辆车。</p>\\r\\n','','2014-07-05 03:20:40','2014-07-05 03:20:40',0,0),(37,16,'      大连油企4年发生8起事故 拉网式排查仍难阻事故 ','<p><a href=\\\"http://www.chinanews.com/photo/\\\" target=\\\"_self\\\"><img alt=\\\"点击进入下一页\\\" src=\\\"http://www.chinanews.com/cr/2014/0702/60784265.jpg\\\" /></a></p>\\r\\n\\r\\n<p>昨日，一名消防人员拍摄市政污水管网排入鞍子河的原油情况。新华社发</p>\\r\\n\\r\\n<p><a href=\\\"http://www.chinanews.com/photo/\\\" target=\\\"_self\\\"><img alt=\\\"点击进入下一页\\\" src=\\\"http://www.chinanews.com/cr/2014/0702/4016368336.jpg\\\" /></a></p>\\r\\n\\r\\n<p>　　6月30日19时，辽宁大连开发区一根石油管线发生爆裂，原油顺着地下管线向下游流淌又引发次生火灾，大连全市消防车都赶赴现场增援。图/IC</p>\\r\\n\\r\\n<p>　　综合新华社电 记者从大连市政府应急办获悉，中石油新大一线管道漏油事故肇事单位5名相关人员已被公安机关控制。</p>\\r\\n\\r\\n<p>　　6月30日18时58分，中石油新大一线输油管被钻漏，输油管中的石油从地下水管线返到地面，引发火灾。22时20分，事故导致的明火被彻底扑灭，无人员伤亡。</p>\\r\\n\\r\\n<p>　　经查，溢出原油流入市政雨、污水管网，未对自来水管网等形成污染。环保部门设置多处空气质量监测点，持续环境监测表明，VOC(挥发性有机污染 物)超标0.79倍，其他指标均正常。目前，环保、消防、规划等部门正继续监测、处置溢油情况，中石油管道公司正在组织人员对事故溢油进行清理回收。</p>\\r\\n\\r\\n<p>　　目前，在中石油新大一线管道漏油事故周边，经排查确认无危险地带的群众已陆续返回家中。</p>\\r\\n\\r\\n<p>　　大连市政府已成立事故调查组，对事故原因进行全面调查。</p>\\r\\n\\r\\n<p>　　<strong>■ 调查</strong></p>\\r\\n\\r\\n<p>　　<strong>未经审批盲目施工钻漏输油管</strong></p>\\r\\n\\r\\n<p>　　&ldquo;发生事故的这次施工未经审批，属于未经允许的盲目施工。&rdquo;大连市发改委有关负责人介绍，这种穿越石油天然气输送管道的施工必须经发改委、安监局联合审批后才可进行。</p>\\r\\n\\r\\n<p>　　记者在调查中了解到，这一施工是大连德泰易高新能源有限公司拟在松岚路安停车场北侧建设LNG加气站，委托大连岳林建设工程有限公司施工，为加 气站配电工程实施电缆外线水平定向钻施工，将输油管钻漏导致原油泄漏，溢出原油流入市政污水管网，在排污管网出口处先后形成4处流淌火。</p>\\r\\n\\r\\n<p>　　事故发生后，金州新区立即启动应急救援响应，组织相关人员查找泄漏点，并对泄漏点进行封堵，控制事故进一步恶化。</p>\\r\\n\\r\\n<p>　　记者了解到，对已经溢出的原油，一是使用吸油毡收集溢流到路面的原油，二是采用沙土进行填埋覆盖。为了防止可能产生的污染，在雨、污水管网入海 口处设置多道围油栏，并派专人进行回收和处理。对残留在雨水管网中的原油，采用抽油机等措施将溢油清理干净，并送到有资质的相关单位进行处理。</p>\\r\\n\\r\\n<p>　　<strong>■ 回顾</strong></p>\\r\\n\\r\\n<p>　　<strong>大连油企4年8事故</strong></p>\\r\\n\\r\\n<p>　　此前，大连油企4年已有7次事故。</p>\\r\\n\\r\\n<p>　　●2013年6月2日 中石油大连石化分公司位于甘井子区厂区内一联合车间939号罐着火，造成2伤2失踪；</p>\\r\\n\\r\\n<p>　　●2011年11月22日 大连港油品码头海滨北罐区31、32号原油罐起火，原因为雷击引起密封圈着火；</p>\\r\\n\\r\\n<p>　　●2011年8月29日 大连市甘井子区的中石油大连石化分公司储运车间875号储运罐起火爆炸；</p>\\r\\n\\r\\n<p>　　●2011年8月8日 台风&ldquo;梅花&rdquo;掀翻大连福佳大化70万吨芳烃项目的防波堤坝，威胁到生产用化工储罐。在民众的抗议下，大连市政府决定该项目立即停产搬迁；</p>\\r\\n\\r\\n<p>　　●2011年7月16日 中石油大连石化分公司厂区内1000万吨常减压蒸馏装置换热器泄漏着火，没有造成人员伤亡；</p>\\r\\n\\r\\n<p>　　●2010年10月24日 大连新港码头油库拆除&ldquo;7&middot;16&rdquo;爆炸事故着火油罐时引燃罐体内残留原油，再次发生火情，造成3人死亡；</p>\\r\\n\\r\\n<p>　　●2010年7月16日 中石油大连油港的一条输油管道发生爆炸漏油事故，1500吨原油入海，造成430余平方公里海面污染。</p>\\r\\n\\r\\n<p>　　<strong>■ 追问</strong></p>\\r\\n\\r\\n<p>　　<strong>拉网式排查为何仍难阻事故？</strong></p>\\r\\n\\r\\n<p>　　大连市发改委介绍，在此前的输油气管道排查整治行动中，排查出隐患130余处，正在陆续进行整改。如此高度密集的拉网式排查，为何仍然没有挡住这起事故的发生？</p>\\r\\n\\r\\n<p>　　<strong>1问 施工违规为何仍开工？</strong></p>\\r\\n\\r\\n<p>　　大连市发改委有关负责人介绍，这种穿越石油天然气输送管道的施工必须经发改委、安监局联合审批后才可进行，而导致事故的这次施工未经审批。</p>\\r\\n\\r\\n<p>　　&ldquo;输油管道位于地下2米，按照要求，施工应从地下4米穿过。但是，在施工过程中，工作人员并未严格遵守这一规定。&rdquo;中石油有关方面人士也同时表示，施工未经批准。安监部门人士也表示，施工时确应有监护。</p>\\r\\n\\r\\n<p>　　国家安监总局总工程师黄毅说：&ldquo;这次的问题与青岛爆燃事故不同。据我了解，不是因为管道本身泄漏，因此严格意义上与管道本身维护、监控不到位造成的跑冒滴漏没有直接关联。&rdquo;</p>\\r\\n\\r\\n<p>　　黄毅说，历次油气管网事故都暴露出来的一个共性是：很多城市地下管线铺设地面标识缺失、不明显，施工单位施工资质和督察不到位。</p>\\r\\n\\r\\n<p>　　<strong>2问 油气管网只查不改？</strong></p>\\r\\n\\r\\n<p>　　针对对油气管网&ldquo;只查不改&rdquo;的质疑，黄毅并不认同：&ldquo;历史遗留问题太多、难点太多，解决起来确实需要一个过程。&rdquo;</p>\\r\\n\\r\\n<p>　　据黄毅介绍，安监总局在去年11月起开展的管道安全整治过程中发现大小问题上万个。特别是带有行业性特点的安全生产隐患突出，如油气输送管线和城市燃气存在违章占压管线、安全间距不足、管道埋藏过浅、部分管道腐蚀等隐患。</p>\\r\\n\\r\\n<p>　　据安委会5月16日通报称，截至3月底，全国共排查油气输送管线隐患2.9万余处，需要政府协调整改的隐患1万余处，其中重大隐患5072处，整改任务十分艰巨。</p>\\r\\n\\r\\n<p>　　中国安全生产科学研究院研究员刘铁民说，事故屡屡发生，不是一个人或一个企业的问题，更反映政府管理出了问题。管线不仅局限在厂区内，出了厂区城市边缘的地区，光靠企业自身管不了。</p>\\r\\n\\r\\n<p>　　<strong>3问 地方政府应如何担责？</strong></p>\\r\\n\\r\\n<p>　　多起油气管线事故，都与政府监管不到位有关。</p>\\r\\n\\r\\n<p>　　刘铁民说，政府目前在铺设、管理、信息备案城市管网等方面都有漏洞。现有近30个政府部门在管理城市管线，这些管理部门互相没有沟通、信息共享机制，管理方法&ldquo;一届领导一套&rdquo;，时间上没有连续性、地域管理有割裂性、管理上缺乏协调性。</p>\\r\\n\\r\\n<p>　　&ldquo;北京一个地方，一百平方米的地上有30个井盖，我问了多个市政部门连这些井盖地下管网是什么都不清楚。&rdquo;刘铁民说。</p>\\r\\n\\r\\n<p>　　工业化城市应当怎样铺设管网？刘铁民说，第一步，所有城市应当由政府主导，在清查基础上做风险评估，居民区附近老旧管线采取整修措施，对重大风 险及时评估。第二步，由当地政府委托一个部门将这个问题统一管理，对新开发的地区必须按照长远的、高质量的规划进行设计，至少要考虑到50年100年。</p>\\r\\n','','2014-07-05 03:21:28','2014-07-05 03:21:28',0,0),(38,16,'湖南邵阳：男子医院坠亡 家属质疑医生拒为病人止痛','<p><strong>中国青年网7月1日电</strong> 据网友反映，6月28日上午10点半左右，邵阳市中心医院发生一起病人坠楼死亡事件。死者是一名60岁左右的男子，由10层坠落，当场失去生命特征。目前警方已介入调查。</p>\\r\\n\\r\\n<p>　　据记者调查了解，事件起因是死者腹痛难忍，前往邵阳市中心医院寻求救治，在两次医治后，病情仍持续加重。家属多次要求重新检查，主治医生却坚持按流程预约检查、等待担架，死者痛苦不堪，最终选择自杀以求解脱。</p>\\r\\n\\r\\n<p>　　据死者家属和群众反映：死者于6月27日凌晨5点左右因腹痛到邵阳市中心医院就诊，医生诊断为肠梗阻，并在6月27日凌晨6点左右安置到外科大 楼住院治疗，经过插胃管引流、灌肠通便等治疗后疼痛有所缓解。医生检查后称 &ldquo;病情好转，可以撤掉胃管，如果明天还不疼的话，就可以出院&rdquo;，随后撤掉引流胃管。27日下午，死者疼痛加剧，家属请来医生检查，医生重新插上胃管后离 开，直到28日凌晨5点，再无医生前来检查。6月28日凌晨5点，病人病情再次加重，痛苦不堪，值班大夫检查后安排灌肠。直到上午8点医生查房时，病情仍 未缓解。期间，死者家属多次要求医生采取有效救治措施，缓解病人痛苦，主治大夫却要求家属预约CT检查，多次拒绝家属提出的&ldquo;先止痛，再预约&rdquo;的要求。在 主治医生的坚持下，家属无奈去预约CT检查，等家属预约回来时，等待他们的却是死者坠亡的消息。</p>\\r\\n\\r\\n<p><img alt=\\\"\\\" src=\\\"http://news.youth.cn/gn/201407/W020140701600082614233.jpg\\\" style=\\\"height:538px; width:400px\\\" /></p>\\r\\n\\r\\n<p><img alt=\\\"\\\" src=\\\"http://news.youth.cn/gn/201407/W020140701600082644650.jpg\\\" style=\\\"height:535px; width:400px\\\" /></p>\\r\\n\\r\\n<p>　　病人坠落的外科大楼，从照片看大楼窗户没有任何防护</p>\\r\\n\\r\\n<p>　　事件发生后，记者多次向医院工作人员提出采访要求，均被拒绝。截止发稿前，院方仍未就此事做出回应。</p>\\r\\n\\r\\n<p>　　&ldquo;医患关系&rdquo;一直是有争议的话题。我们每个人都食五谷杂粮，都有生病就医的时候。&ldquo;医生&rdquo;两个字对患者来说，不仅仅是一个称呼，更多的是对生命 的托付。诚然，医院不是慈善机构，有需要遵守的制度。我们也尝试客观的去理解医院的&ldquo;有关规定&rdquo;，但我们不能理解面对痛苦、面对生命表现出来的漠视。一位 六旬老人，腹痛数十小时，不进行及时有效的救治，却要求排队预约，让人不禁让人想问：医院流程和生命哪个更重要？都说医者父母心，何致心硬如此？</p>\\r\\n\\r\\n<p>　　一个生命就此坠落，一个家庭永久的伤痛。如果，把冷漠、拖沓的态度换成及时有效的救助，结局会不会不一样？</p>\\r\\n','','2014-07-05 03:22:02','2014-07-05 03:22:02',0,0),(39,16,'南安再部署开好专题民主生活会','<p>本报讯&nbsp;根据第二批党的群众路线教育实践活动的部署安排，目前南安全市各参学单位已进入了查摆问题、开展批评环节。为高质量开好专题民主生活会，近日，南安组织召开全市党的群众路线教育实践活动工作会，对相关工作进行再强调、再部署。</p>\\r\\n\\r\\n<p>会 议强调，高质量开好专题民主生活会，是第二环节的重中之重，是整个教育实践活动的核心任务，也是教育实践活动取得实效的关键。南安各级各部门和南安市委督 导组要认真落实中央、省委、泉州市委和南安市委的部署，高标准、严要求做好准备工作，以整风精神认真开展批评和自我批评，确保开出高质量的专题民主生活 会。</p>\\r\\n\\r\\n<p>会议要求，各参学单位谈心交心要谈深谈透，要安排充足时间，按照&ldquo;四必谈&rdquo;原则， 坦诚真诚、聚焦重点、出以公心，把问题谈开谈实，把思想谈深谈通，消除隔阂、形成共识，为开好专题民主生活会和组织生活会打下基础；对照检查材料要画准画 实，严格要求、认真对待、坚持标准，在督导组的把关下，继续修改完善对照检查材料；开展批评要动真碰硬，做到&ldquo;三个统一&rdquo;，掌握方式方法，主动摆进去，达 到&ldquo;团结-批评-团结&rdquo;的目的；督促指导要从严把关，做到会前严格把关、会上严格标准、会后严格督查；工作责任要落实到位，及时发现和解决活动中出现的倾 向性、苗头性、潜在性问题，层层传导压力、传导标准、传导责任，探索务实、管用的形式和做法，切实加强舆论引导，及时宣传推广开展活动的好经验、好做法， 加大曝光力度，发挥教育警示效应。&nbsp;（翁书静）</p>\\r\\n','','2014-07-05 03:22:45','2014-07-05 03:22:45',0,0),(40,16,'北京“城市风道”研究成果年底亮相 利于驱散雾霾 ','<p>2014城市环境国际学术研讨会昨天在京召开。记者了解到，目前国家和北京的气象部门正在研究北京的城市风道，以减少热岛效应，提高空气污染物的扩散能力，预计相关研究结果将于今年年底发布。这也是北京首次系统研究城市建筑的风道。</p>\\r\\n\\r\\n<table align=\\\"left\\\" border=\\\"0\\\" cellpadding=\\\"0\\\" cellspacing=\\\"0\\\">\\r\\n	<tbody>\\r\\n		<tr>\\r\\n			<td>&nbsp;</td>\\r\\n		</tr>\\r\\n	</tbody>\\r\\n</table>\\r\\n\\r\\n<p>&nbsp;</p>\\r\\n\\r\\n<p>　　据了解，城市风道又叫做城市通风廊道。在静稳无风的不利气象条件下，污染物容易积累。因此，把郊外的风引进主城区，或将成为驱散雾霾的有效方 式。来自北京大学和清华大学的环境气象学专家告诉记者，每个城市都有盛行风向，因此在城市规划和建设的过程中，应该尽量在盛行风向的方向控制建筑物的密度 和高度，以&ldquo;留出城市风道&rdquo;，提高城市空气污染物的扩散能力。</p>\\r\\n\\r\\n<p>　　在昨天的研讨会上，北京市环境科学研究院生态与城市环境研究所所长刘春兰表示，目前国家和北京的气象部门正在研究哪些地区是北京主导风向的通 道、通道应该如何维持等。她透露，目前北京正在修订的城市总体规划中，将有专门地章节阐述城市风道内容，这是北京首次系统性和全规模地进行相关研究，相关 研究结果预计今年年底发布。</p>\\r\\n\\r\\n<p>　　记者了解到，北京市环科院近期完成了北京生态环境状况评估以及对大气和水环境影响研究。在关于&ldquo;平原区绿化工程生态效应评估&rdquo;的研究中，刘春兰 表示，平原造林对大颗粒尘控制效果较好，但是对细小的颗粒物，比如PM2.5，效果不是特别明显。她透露，下一步在划生态红线时主要针对北京的重要功能 区，包括生态敏感区、脆弱区，还有对改善大气、水环境质量至关重要的区域，把这些区域保护好，构建起整体的生态安全格局。 J067</p>\\r\\n\\r\\n<p>　　解 读</p>\\r\\n\\r\\n<p>　　依据本地主导风向等气候条件，建筑物合理安排通风廊道，会增强建筑自然通风条件，夏季可以减少空调使用时间。</p>\\r\\n\\r\\n<p>　　本地主导风向</p>\\r\\n\\r\\n<p>　　在规划城市建筑物时，要结合本地主导风向，建设成为便于空气流通的模式。</p>\\r\\n\\r\\n<p>　　北京环城绿廊就是&ldquo;城市风道&rdquo;</p>\\r\\n\\r\\n<p>　　清华大学建筑学院城市规划系主任吴唯佳告诉记者，我们现在所说的&ldquo;风道&rdquo;，另外的一个名字叫做&ldquo;通风走廊&rdquo;，许多城市都有。一般来说，这种&ldquo;通 风走廊&rdquo;比较宽，比较长，绿化植被较多，能够引导风向运动，降低城市内的温度。吴唯佳说，前几年北京一直在做的城市绿化隔离带，就是一种&ldquo;城市风道&rdquo;。</p>\\r\\n\\r\\n<p>　　&ldquo;城市风道&rdquo;仅对局地雾霾有效</p>\\r\\n\\r\\n<p>　　来自清华大学的一位大气环境专家对记者坦言，&ldquo;城市风道&rdquo;对于所谓的&ldquo;驱散雾霾&rdquo;作用不大。他表示，雾霾重污染时，大气扩散条件不利，混合层高度在300米到1000米左右，但即使利用建筑群形成所谓的&ldquo;风道&rdquo;，高度也远不到1000米。还在雾霾笼罩范围内。</p>\\r\\n\\r\\n<p>　　吴唯佳表示，&ldquo;城市风道&rdquo;对大范围区域的雾霾没有效果，但在小范围局地雾霾时，&ldquo;城市风道&rdquo;能够改善城市内部的通风状况。</p>\\r\\n\\r\\n<p>　　未来可期待京津冀生态网络</p>\\r\\n\\r\\n<p>　　吴唯佳表示，目前清华也在做关于&ldquo;城市风道&rdquo;方面的研究，要从北京的城市，到远郊，再到天津、河北，开发一些绿化通风廊道，提出要在京津冀地区 形成一个生态的网络。在一些业内专家看来，北京要在现有建筑群里进行&ldquo;风道&rdquo;规划困难重重。首先五环内的城市建设已经基本定型，且高度密集，&ldquo;动辄几公里 的风道，连地儿都没有。&rdquo;此外，北京西北靠山，即使建成风道，风向对流的效果也难以确定。（记者 张航）</p>\\r\\n','','2014-07-05 03:23:13','2014-07-05 03:23:13',0,0),(41,16,' 台盐公司盐雕艺术“翠玉白菜”获大陆客青睐','<p>中新网7月2日电&nbsp;据台湾&ldquo;中央社&rdquo;报道，台北故宫博物院镇馆之宝&ldquo;翠玉白菜&rdquo;赴东京展览，让日人惊艳；台盐公司的&ldquo;翠玉白菜&rdquo;盐雕艺术也获大陆青睐。</p>\\r\\n\\r\\n<p>　　台盐表示，至今已销售多座1米高、售价新台币24万元的&ldquo;翠玉白菜&rdquo;大型盐雕至大陆。</p>\\r\\n\\r\\n<p>　　台盐董事长洪玺曜指出，台盐有独步全球的盐雕技术，具体呈现文创软实力，利用天然避邪的盐制成圆润如玉般的盐雕&ldquo;翠玉白菜&rdquo;，强化富贵双全的意义；不但是对传统文化的尊崇，更彰显台湾创新优势。</p>\\r\\n\\r\\n<p>　　台盐解释，&ldquo;翠玉白菜&rdquo;有&ldquo;摆财&rdquo;谐音，招财进福，又传达身家清白，白菜上的螽斯和蝗虫更有多子多孙的意涵。</p>\\r\\n\\r\\n<p>　　&ldquo;翠玉白菜&rdquo;盐雕除1米高的大型尺寸外，还有适合当桌上摆件的1.6公斤、6公斤规格，以及方便携带的掌上型盐雕白菜，可当作吉利摆饰，致贺商家开幕及新居落成，更适合作为新婚贺礼。</p>\\r\\n\\r\\n<p>　　台盐公司表示，深耕核心盐品多样化，于2009年成功开创&ldquo;盐如玉&rdquo;盐雕艺术的盐文化创意产业。</p>\\r\\n\\r\\n<p>　　台盐&ldquo;盐如玉&rdquo;盐雕发展3大系列产品，包括经典兽首系列源自清代圆明园的12生肖兽首、典藏精品系列以经典文物为主题的艺术品，还有文化创意系列结合传统创新的创意作品。</p>\\r\\n\\r\\n<p>　　台盐强调，全台北、中、南仅圆山饭店、通霄观光园区、七股盐山这3个地方可尽览全部台盐盐雕；更展出全球最大1米翠玉白菜盐雕，白菜和昆虫雕工细节引人赞叹</p>\\r\\n','','2014-07-05 03:24:17','2014-07-05 03:24:17',0,0),(42,18,'胖达人案：小S将作证 丈夫许雅钧盼不公开审理 ','<p><a href=\\\"http://www.chinanews.com/\\\" target=\\\"_blank\\\">中新网</a>7月2日电 据台湾&ldquo;中央社&rdquo;报道，台北地院审理胖达人案，明天传唤艺人小S及其婆婆作证，但被告许雅钧以家庭隐私为由声请届时不公开审理，合议庭将裁定准驳。</p>\\r\\n\\r\\n<p>　　艺人小S(徐熙娣)的丈夫许雅钧，主张母亲黄秀真及妻子明天下午作证内容会涉及夫妻对话、家庭隐私，透过律师声请届时不公开审理；公诉检察官则认为他们是公众人物，声请有理，请法官裁定。合议庭评议后将裁定是否准许。</p>\\r\\n\\r\\n<p>　　台北地院上午开庭，许雅钧与父亲许庆祥、基因国际董事长徐洵平、徐妻姜丽芬出庭。徐洵平面对检察官问徐雅钧投资基因国际多少钱，有无投资胖达人？他均答不记得、忘了。至于为何胖达人面包创办人庄鸿铭辞去董事长、派任董事等事都只报告许庆祥？他说是尊重长辈。</p>\\r\\n\\r\\n<p>　　受命法官纪凯峰斥责，伪证罪范围包括明明知情却谎称不知，看来徐洵平有些事明明知情却回答不知道，到底是真不知还是假不知？</p>\\r\\n\\r\\n<table align=\\\"left\\\" border=\\\"0\\\" cellpadding=\\\"0\\\" cellspacing=\\\"0\\\">\\r\\n	<tbody>\\r\\n		<tr>\\r\\n			<td>&nbsp;</td>\\r\\n		</tr>\\r\\n	</tbody>\\r\\n</table>\\r\\n\\r\\n<p>&nbsp;</p>\\r\\n\\r\\n<p>　　许庆祥表示，他是投资胖达人，没买过基因公司股票，是因投资合作协议才取得800张基因国际的股票，拿到就卖了。他虽在侦查中曾说基因国际财务长黄筱玲给他财报，但改口说自己是76岁的老人，现在回想起来是他记错了。</p>\\r\\n','','2014-07-05 03:24:44','2014-07-05 03:24:44',0,0),(43,16,'湖北省纪委调整机构 一线执纪监督机构和人员均超..','<p>湖北日报讯 （记者杨宏斌、通讯员谢建存、熊长俊）昨日，省纪委监察厅公布了委厅最新组织架构图。机构调整后，委厅从事执纪监督业务的内设机构占机构总数的比例升至 68.4%，执纪监督人员的比例升至62.2%。省纪委监察厅职责定位明确，更加突出党风廉政建设和反腐败斗争这一主业。</p>\\r\\n\\r\\n<p>　　经中纪委和省委批准，去年年底和今年6月底，省纪委监察厅先后进行了两轮机构调整，主要是整合6个内设机构：将办公厅、监察综合室整合为办公 厅，将党风廉政建设室、纠风室、执法监察室和绩效管理室整合为党风政风监督室（省政府纠正行业不正之风办公室）。新设4个内设机构：第六、第七、第八纪检 监察室和纪检监察干部监督室。重新组建2个内设机构：在干部室基础上组建组织部，在宣传教育室基础上组建宣传部。</p>\\r\\n\\r\\n<p>　　通过机构调整，省纪委监察厅进一步厘清了内设机构的工作职责，减少了职能交叉，突出加强了监督和办案力量，纪检监察室由原来的5个增至8个。</p>\\r\\n','','2014-07-05 03:25:18','2014-07-05 03:25:18',0,0),(44,16,'台湾土地重划处诈领差旅 11人遭判刑','<p>据台湾&ldquo;中时新闻&rdquo;报道，台当局&ldquo;内政部&rdquo;土地重划处会计室主任赖慧容等11人，被控虚报出差住宿、膳杂费等，金额从1900元（新台币，下同）到2470元不等，因赖女等人犯后均缴回不法所得，台中地院依贪污罪判5月到10月不等徒刑，均予以缓刑。</p>\\r\\n\\r\\n<p>　　被告11人包括：赖慧容、土地重划工程处办事员吴桂香、政风室科员曾明胜、测量工程课技士林明辉等人，法官认为4人为公务人员，所犯罪行产生负面影响，判决4人分别支付6、3、3、4万元。（中国台湾网 李学磊）</p>\\r\\n','','2014-07-05 03:25:42','2014-07-05 03:25:42',0,0),(45,9,'学者:新疆意识形态工作是重中之重 须推进社会世俗化','<p>宗教界努力适应现代社会生活，对宗教教义的阐释具有现代性价值；对宗教仪轨的施行符合现代生产、生活方式的要求。宗教活动止于宗教场所，不会带进社会生活；没有社会传教活动；不强迫他人信仰或不信仰、或改信某一种宗教。</p>\\r\\n\\r\\n<p><strong>意识形态工作是重中之重</strong></p>\\r\\n\\r\\n<p>新疆中国特色社会主义理论体系研究中心副主任、副研究员刘芦梅：</p>\\r\\n\\r\\n<p>面对今天新疆意识形态领域出现的新情况新问题，我们要高度重视加强意识形态领域的工作，最关键的就是要到人、管用、有效。</p>\\r\\n\\r\\n<p>第 一、切实筑牢各民族共有的精神家园。大力弘扬社会主义价值体系和社会主义核心价值观。推进公民道德建设工程，加强社会公德、职业道德、家庭美德和个人品德 教育，形成根基雄厚的崇德向善的人民力量。理直气壮地讲党的恩情、国家的支持、全国的支援。做好重大思想理论问题的辨析引导，旗帜鲜明地批驳&ldquo;泛突厥主 义&rdquo;、&ldquo;泛伊斯兰主义&rdquo;、&ldquo;民族自决&rdquo;、&ldquo;高度自治&rdquo;等错误观念。宣传教育要注意方式方法，要耐心细致、通俗生动、润物无声，让群众真正入耳入脑入心。</p>\\r\\n\\r\\n<p>第 二、坚决抵御民族分裂主义和宗教极端思想渗透。我们要深入推进&ldquo;去极端化&rdquo;和&ldquo;一反两讲&rdquo;大宣讲活动进机关、进学校、进企业、进农村、进社区、进家庭，实 现教育宣讲全覆盖。加大文化市场监管力度，加强有关出版物的审读管理，坚决封堵民族分裂主义、宗教极端思想渗透传播的渠道和途径。要深入揭批民族分裂主义 和宗教极端思想的罪恶本质，全力戳穿&ldquo;圣战殉教进天堂&rdquo;等歪理谬论。要强化网络主战场意识，抓紧落实&ldquo;新新工程&rdquo;，重点建设一批有影响力的民语网站，牢牢 掌握网上舆论主导权。</p>\\r\\n\\r\\n<p>第 三、不断丰富各族群众精神文化生活。要以基层特别是农村为重点，完善公共文化服务体系，抓紧实施&ldquo;西新工程&rdquo;、&ldquo;东风工程&rdquo;、&ldquo;天山工程&rdquo;等文化战略工 程，加快文化场馆建设，努力实现建制村文化体育场地设施全覆盖。加快建设&ldquo;三大译制基地&rdquo;，增加少数民族文化产品供给。抓紧推出一批主旋律的影视剧、文艺 作品、优秀图书，特别是少数民族语言文字的少儿读物，真正让城乡各族群众听到广播、看到电视、读到主旋律的图书。采取有效措施，解决流动人口看电视难的问 题。积极推动优秀传统文化和现代文化精品的数字化、网络化传播，精心构建丰富多彩的网络精神家园。</p>\\r\\n\\r\\n<p><strong>以现代文化引领新疆社会世俗化进程</strong></p>\\r\\n\\r\\n<p><a href=\\\"http://www.jfdaily.com/guonei/new/201407/t20140702_508107.html#%22\\\" target=\\\"_blank\\\">新疆师范大学</a>特聘教授、社会管理研究院院长刘宾:</p>\\r\\n\\r\\n<p>世俗化是<a href=\\\"http://www.jfdaily.com/guonei/new/201407/t20140702_508107.html#%22\\\" target=\\\"_blank\\\">宗教社会学</a>中 的一个概念，是指从欧洲文艺复兴以来人类的各种活动逐渐脱离宗教形态的过程。主要用来说明在人类历史的中古时期以后、特别是工业革命以来，宗教在现实生活 中逐渐失去至高无上、无所不在的地位，弱化了影响，在社会政治、经济、文化等领域都去除了主导一切的宗教权威和宗教色彩。&ldquo;世俗化&rdquo;问题已经成为当代解决 人类社会的宗教与现代化进程关系的一个全球性重要课题。</p>\\r\\n\\r\\n<p>世 俗化是人类文明和单个&ldquo;人&rdquo;的精神发展的一大历史进步。德国社会学家马尔克斯&middot;韦伯曾经用&ldquo;除魅&rdquo;这个词来形容现代生活的世俗化。它标志着人摆脱了&ldquo;神&rdquo; 的观念束缚，实现了精神解放；社会实现了从&ldquo;神本社会&rdquo;向&ldquo;人本社会&rdquo;、&ldquo;以神为本&rdquo;向&ldquo;以人为本&rdquo;、&ldquo;神道&rdquo;向&ldquo;人道&rdquo;的转变。而促成这一伟大历史进程 的要素是18世纪以来人类生产力的迅速发展、新的科学技术的不断涌现和全球市场经济的繁荣。它伴随现代化产生，成为现代化的一个有机组成部分。因此，世俗 化是现代社会的一个重要特征，是传统社会向现代社会转型的重要标志。它所反映的是社会成员总体上形成了有别于宗教教义的一种新的、具有现实性的价值取向。</p>\\r\\n\\r\\n<p>国内外学术界普遍认为，宗教世俗化是<a href=\\\"http://www.jfdaily.com/guonei/new/201407/t20140702_508107.html#%22\\\" target=\\\"_blank\\\">现代宗教</a>发 展的潮流。这非但不意味着宗教的衰落，反而体现了宗教适应现代社会发展的能力，使之能在新的时代高度上表现出自身随时代进化的现实意义。世俗化的宗教是宗 教新的发展，它应当更贴近现代人的思想和生活。还有的学者认为，鉴于宗教本身就是一种文化，所以对于那些受到宗教很大影响的传统文化而言，宗教世俗化实际 上也是&ldquo;文化世俗化&rdquo;、促进文化转型的过程。&ldquo;以现代文化为引领&rdquo;，必然包含了引领&ldquo;世俗化&rdquo;这样一项任务。</p>\\r\\n\\r\\n<p><strong>针对新疆实际而言，&ldquo;世俗化&rdquo;意味着至少要具备以下几条特征：</strong></p>\\r\\n\\r\\n<p>第一，宗教思想、宗教行为、宗教组织不再具有控制和主导社会群体的能力。</p>\\r\\n\\r\\n<p>第二，宗教及其信众的价值取向从彼世向此世转化，从内容到形式都适合于现代化社会的发展要求。人独立于宗教的主体意识主导人的社会活动，认识到美好的理想和生活通过自身努力就可在现实世界里实现，而不是寄希望于&ldquo;彼岸&rdquo;、&ldquo;来世&rdquo;。</p>\\r\\n\\r\\n<p>第三，宗教与社会彻底分离，宗教不具备公共性与社会职能，不再插手司法、婚姻、教育等公共事务。宗教信仰变成纯粹私人的事务，信众不在社会公共生活中要求和享有从事宗教活动、履行宗教仪轨和展示宗教信仰标识的权利。</p>\\r\\n\\r\\n<p>第四，宗教界努力适应现代社会生活，对宗教教义的阐释具有现代性价值；对宗教仪轨的施行符合现代生产、生活方式的要求。</p>\\r\\n\\r\\n<p>第五，宗教活动止于宗教场所，不会带进社会生活；没有社会传教活动；不强迫他人信仰或不信仰、或改信某一种宗教。</p>\\r\\n\\r\\n<p>第六，宗教努力实现&ldquo;中国化&rdquo;，在中国现代化进程中发挥积极作用。宗教自觉遵守国家的法律法规和政策，接受国家授权机构的全面管理。</p>\\r\\n\\r\\n<p>第七，&ldquo;神道&rdquo;社会向&ldquo;世俗&rdquo;社会全面转变，现代理性取代宗教教义成为人在从事社会生产和一切社会活动时运用的主导理性，而不再受个人宗教信仰干扰。现代文化获得自由和充分发展的环境和条件。</p>\\r\\n\\r\\n<p>&nbsp;</p>\\r\\n','','2014-07-05 03:26:20','2014-07-05 03:26:20',0,0),(46,16,'内蒙古：坚决拥护中央正确决定 深入推进反腐败斗争','<p><strong>内蒙古自治区召开省级领导干部会议传达中央关于给予徐才厚开除党籍处分的决定精神</strong>&nbsp;&nbsp;</p>\\r\\n\\r\\n<p>7月1日晚上，内蒙古自治区党委书记王君主持召开自治区省级领导干部会议，传达中共中央关于给予徐才厚开除党籍处分的决定精神。与会同志一致表示，坚决拥护中央的正确决定，深入推进党风廉政建设，以反腐败斗争的实际成效取信于民。</p>\\r\\n\\r\\n<p><a href=\\\"http://www.northnews.cn/\\\" target=\\\"_blank\\\"><img src=\\\"http://upload.northnews.cn/2014/0523/1400827123373.jpg\\\" style=\\\"margin:0px\\\" /></a></p>\\r\\n\\r\\n<p>自治区党委常委，自治区人大常委会副主任，自治区副主席，自治区政协副主席，内蒙古军区、武警内蒙古总队军级领导，自治区法院院长参加会议。</p>\\r\\n\\r\\n<p>会议认为，党的十八大以来，以习近平同志为总书记的党中央，把反腐败斗争摆在更加突出位置，坚持&ldquo;老虎&rdquo;、&ldquo;苍蝇&rdquo;一起打，严肃查处了一批腐败案件 和腐败分子，赢得了党心、军心、民心。中共中央决定给予徐才厚开除党籍处分，对其涉嫌受贿犯罪问题及问题线索移送司法机关依法处理，进一步体现了党中央从 严治党、从严治军的鲜明态度，彰显了我们党坚决反对腐败、以零容忍的态度惩治腐败的坚定决心。全区各级党组织和广大党员干部要坚决拥护中央的正确决定，深 刻领会中央维护党纪国法、严厉惩治腐败的坚定决心，始终在思想上、政治上、行动上与以习近平同志为总书记的党中央保持高度一致，自觉维护中央权威，旗帜鲜 明反对腐败，毫不动摇地贯彻中央决策部署。</p>\\r\\n\\r\\n<p>会议要求，要严格落实党风廉政建设责任，深入开展反腐败斗争。要深入开展警示教育，以徐才厚等案件为反面教材，教育广大党员干部深刻吸取教训，不断 增强党性，坚定理想信念，强化纪律意识，恪守廉政底线，切实做到清白为人、干净做事。各级党委（党组）要认真履行党风廉政建设的主体责任，各级党组织&ldquo;一 把手&rdquo;要认真履行第一责任人的职责，抓好班子、带好队伍，切实加强对党员干部的教育、管理和监督，扎实推进惩治和预防腐败体系建设，以党风廉政建设和反腐 败斗争的实际成效取信于民。广大党员领导干部要带头遵守党纪国法，带头遵守廉洁从政准则，自觉接受各方面监督，真正做到任何情况下都不越界、不越轨。各级 纪检监察机关要切实履行好监督责任，进一步加大案件查处力度，对于违法违纪问题，不管涉及谁，不管在什么地方发生，都要坚决查处，绝不姑息、绝不手软，始 终保持反腐败高压态势。</p>\\r\\n\\r\\n<p>会议强调，要全面加强驻区部队各项建设，不断筑牢祖国北疆安全稳定屏障。内蒙古军区、驻区部队要始终保持政治上的清醒坚定，切实把思想和行动统一到 中央精神上来。要坚守强军之魂，确保一切行动听从党中央、中央军委和习主席指挥。要筑牢强军之基，深入抓好军队作风建设，始终保持思想道德的纯洁和人民军 队的本色。要抓住强军之要，切实提高遂行各种任务的能力，努力为实现党在新形势下的强军目标再立新功。全区各级党委、政府要切实履行好支持国防和部队建设 的政治责任，不断开创我区国防和军队建设的新局面，为建设祖国北疆安全稳定屏障、建设稳固的边防国防做出新的贡献。（记者&nbsp;&nbsp;崔楠）</p>\\r\\n','','2014-07-05 03:27:00','2014-07-05 03:27:00',0,0),(47,16,'新余市两名政协委员因不履行职责被辞去委员职务','<p>中国江西网讯 记者<strong>叶新阔</strong>报道：据新余日报消息，政协新余市第八届委员会委员邹细 根、廖武生同志，因长期不履行职责，根据《中国人民政治协商会议章程》有关规定，以及《政协新余市委员会关于加强委员履职服务与管理的意见》第十六条第二 款规定，政协新余市第八届委员会常务委员会第十三次会议于2014年6月30日协商决定，辞去邹细根、廖武生同志政协新余市第八届委员会委员职务。</p>\\r\\n','','2014-07-05 03:27:24','2014-07-05 03:27:24',0,0),(48,19,'环太军演:美军司令抱怨记者只关注中国(图)','<p><img alt=\\\"环太军演:美军司令抱怨记者只关注中国(图)\\\" src=\\\"http://images2.china.com/news/zh_cn/international/1000/20140702/r_2014070210322718782900.jpg\\\" style=\\\"height:375px; width:500px\\\" /></p>\\r\\n\\r\\n<p>6月30日，参加环太平洋军演的中方编队演习指挥员赵晓刚在记者会上发言。</p>\\r\\n\\r\\n<p>&nbsp;&nbsp;&nbsp;&nbsp;<strong>参考消息网7月2日报道</strong>&nbsp;美国《星条旗报》网站7月1日发表题为《&ldquo;环太平洋&rdquo;军演开始，所有人都盯着<strong>中国</strong>》的评论，评论如下：</p>\\r\\n\\r\\n<p>&nbsp;&nbsp;&nbsp;&nbsp;美国太平洋舰队司令哈里&middot;哈里斯上将6月30日举行了一次码头边上的记者会，准备回答有关参加今年&ldquo;环太平洋&rdquo;军事演习的20多个国家的任何问题。</p>\\r\\n\\r\\n<p>&nbsp;&nbsp;&nbsp;&nbsp;但是来自整个太平洋地区的记者似乎只对其中一个国家感兴趣，那就是首次参加这一大规模演习的<strong>中国</strong>。</p>\\r\\n\\r\\n<p>&nbsp;&nbsp;&nbsp;&nbsp;报道称，在回答了6个问题后，略微有些恼火的哈里斯说：&ldquo;<strong>欢迎你们提出任何想提的问题，我们会尽最大的能力来回答。但是截至目前我们已经回答了6个问题，都是有关<strong>中国</strong>的</strong>。&rdquo;</p>\\r\\n\\r\\n<p>&nbsp;&nbsp;&nbsp;&nbsp;哈里斯说：&ldquo;我不想冷落这里除了<strong>中国</strong>和美国以外的其他国家。&rdquo;哈里斯两旁坐着来自所有参加军演的国家的高层军官。他说：&ldquo;这不是<strong>中国</strong>和美国的事。这事关20多个试图共同努力改善我们的多边作战能力和透明度的国家。&rdquo;</p>\\r\\n\\r\\n<p>&nbsp;&nbsp;&nbsp;&nbsp;但是，<strong>中国</strong>在有关海域越来越&ldquo;咄咄逼人&rdquo;的海上力量存在，使其在任何关于地区安全的讨论中都成为首要话题。</p>\\r\\n\\r\\n<p>&nbsp;&nbsp;&nbsp;&nbsp;美联社7月1日报道，<strong>美国太平洋舰队司令6月30日表示，<strong>中国</strong>首度赴夏威夷参加世界最大规模海上军演，将有助于北京和其他国家合作应对危机</strong>。</p>\\r\\n\\r\\n<p><img alt=\\\"环太军演:美军司令抱怨记者只关注中国(图)\\\" src=\\\"http://images2.china.com/news/zh_cn/international/1000/20140702/r_2014070210322755393300.jpg\\\" style=\\\"height:751.66666666667; width:500px\\\" /></p>\\r\\n\\r\\n<p>资料图片：6月24日9时（北京时间25日3时），参加&ldquo;环太平洋-2014&rdquo;演习的<strong>中国</strong>海军导弹驱逐舰海口舰、导弹护卫舰岳阳舰、综合补给舰千岛湖舰与和平方舟医院船，顺利抵达美国夏威夷珍珠港基地。图为<strong>中国</strong>海军综合补给舰千岛湖舰停靠美国夏威夷珍珠港后，升起<strong>中国</strong>人民解放军军旗。新华社记者 覃海石 摄</p>\\r\\n\\r\\n<p>&nbsp;&nbsp;&nbsp;&nbsp;哈里斯说：&ldquo;演习将包括多边项目，实地行动。在这样的场景下举行联合演习，对我们是有帮助的。&rdquo;</p>\\r\\n','','2014-07-05 03:29:02','2014-07-05 03:29:02',0,0),(49,19,'国有航空公司首次推出“廉价航空” ','<p>今天上午，东方航空公司旗下的中国联合航空有限公司宣布，正式转型成为低成本航空公司。这是中国首家国有经济型航空公司，东航也成为中央企业中首家集&ldquo;传统的全服务经营模式&rdquo;和&ldquo;低成本经营模式&rdquo;于一体的&ldquo;混合经营制&rdquo;大型航空运输集团。</p>\\r\\n\\r\\n<table align=\\\"left\\\" border=\\\"0\\\" cellpadding=\\\"0\\\" cellspacing=\\\"0\\\">\\r\\n	<tbody>\\r\\n		<tr>\\r\\n			<td>&nbsp;</td>\\r\\n		</tr>\\r\\n	</tbody>\\r\\n</table>\\r\\n\\r\\n<p>&nbsp;</p>\\r\\n\\r\\n<p>　　据介绍，转型后的中联航，目前其26架飞机还保留两舱布局，未来引进的飞机会逐步过渡到全经济舱机型，并通过增值服务来增加收入。&ldquo;最重要是票 价要有实惠，旅客会感受到差异化服务。但票价低到什么程度，只能告诉大家，至少会比现在低20%到40%，根据季节、航线、不同的促销有浮动，今后肯定有 惊喜，有让大家&lsquo;吓一跳&rsquo;的价格，目前暂时保密。&rdquo;中联航新任总裁张兰海上午表示。</p>\\r\\n\\r\\n<p>　　张兰海表示，&ldquo;转型后安全标准绝对不会降低。另外，以后托运行李服务、选座、餐饮服务等服务项目不排除会收费，合理收费的部分都会收费，中联航自己的销售系统也会很快启动。&rdquo;</p>\\r\\n\\r\\n<p>　　据介绍，中国民航业的低成本航空公司运输量在中国国内市场上所占份额不到7%，低于全世界26%的平均水平，为全球最低。</p>\\r\\n\\r\\n<p>　　有民航资源网的专家认为，中国航空客运市场与美、欧不同，虽然旅客吞吐总量大，但却高度集中在几个大城市中，有价值航点城市过少，导致&ldquo;廉价航 空&rdquo;难以建立起庞大而密集的航线网络，而且，由于各热点城市已被传统航空公司经营多年，&ldquo;廉价航空&rdquo;即便勉强挤入市场也很难拿到航班时刻或拿到好的航班时 刻，亏损风险很大。中联航的优势在于，到2014年底，其运营的波音B737飞机将达到31架，已拥有较成熟的国内众多独飞旅游航线和周边国际旅游航线布 局、有自己的运营基地&mdash;&mdash;南苑机场。今后，中联航将整建制迁入北京第二机场，不断扩大运营规模，预计到2019年达到80架飞机规模。J147</p>\\r\\n\\r\\n<p>　　<strong>新闻链接</strong></p>\\r\\n\\r\\n<p>　　<strong>低成本航空</strong></p>\\r\\n\\r\\n<p>　　也就是所谓的&ldquo;廉价航空&rdquo;，是指较传统航空公司而言，通过改变盈利思路，尽一切可能降低成本和票价，只为旅客提供最核心的空间位移，而舍弃其他非必要舒适性服务，以薄利多销的方式赚取利润的新兴航空经营模式。国内目前最知名的&ldquo;廉价航空&rdquo;是春秋航空。</p>\\r\\n\\r\\n<p>　　廉价航空经营措施包括提高舱位密度、机票采用官网直销、不提供免费餐食和行李托运、降低场站服务费用、取消飞机和机组外站过夜、使用起降费低的二三线机场、单一机型加维修外包、取消免费的呼叫中心、提高飞机日利用率、精简人力提升效率。(记者 孟环)</p>\\r\\n','','2014-07-05 03:29:29','2014-07-05 03:29:29',0,0),(50,9,'克里：发动伊拉克战争是个严重错误','<p>7月1日央视《新闻联播》节目播出美国国务卿约翰・克里接受采访视频。克里在节目中承认，美国发动伊拉克战争是一个严重的错误。</p>\\r\\n\\r\\n<p>美国务卿谈伊拉克战争<br />\\r\\n&nbsp; 近日极端组织在短时间内，接连攻占伊拉克多座重要城镇，步步逼近首都巴格达。国际舆论指出正是2003年美国入侵伊拉克，激化了伊拉克的国内矛盾，而 2011年美国匆忙撤军留下的真空，又让极端组织乘虚而入。 7月1日央视《新闻联播》节目播出美国国务卿约翰・克里接受采访视频。克里在节目中承认，美国发动伊拉克战争是一个严重的错误。<br />\\r\\n&nbsp; 记者：伊拉克目前局面混乱，你是否认为美国政府2003年入侵伊拉克，像很多人说的一样是一个&ldquo;严重的错误&rdquo;，美国接下来会采取什么行动？<br />\\r\\n&nbsp; 克里：我显然无法回避你的问题，是的，我相信（美国入侵伊拉克）是一个严重的错误，直到今天美国仍然需要面对当年干预遗留的问题。当年干预政策遗留下来的 乌云，仍然笼罩着伊拉克。美国一直在尽力改变这种局面，总统奥巴马也决定要改变这一局势，这也是他从伊拉克撤军的原因。</p>\\r\\n\\r\\n<p>加紧派人手<br />\\r\\n&nbsp; 美国国防部6月30日宣布，总统奥巴马下令再向伊拉克增兵大约200人，以保护美国驻伊大使馆及人员安全。这批官兵配备直升机和无人驾驶飞机，已经于6月29日和30日抵达伊拉克，将保卫美国使馆及其支持设施以及巴格达国际机场。<br />\\r\\n&nbsp; 美国国防部说，另一批大约100名官兵将按照预定计划从美军中央司令部辖区驻地前往巴格达，提供安全保卫和后勤支援。<br />\\r\\n&nbsp; 奥巴马19日宣布派遣大约300名美军顾问进入伊拉克，协助伊政府军打击&ldquo;伊拉克和黎凡特伊斯兰国&rdquo;极端武装并评估局势。美国国防部说，截至6月30日， 大约180名军事顾问已经进入伊拉克，设于巴格达的美伊联合行动指挥部开始全面运转，计划在伊拉克北部设立第二座联合指挥部。<br />\\r\\n&nbsp; 加上护卫美国使馆的常驻美军，驻伊美军总数将达近800人。</p>\\r\\n\\r\\n<p>战机迟交货<br />\\r\\n&nbsp; 国防部发言人史蒂夫・沃伦6月30日说，美国正继续向伊拉克提供武器装备，用于与&ldquo;伊黎&rdquo;武装作战。<br />\\r\\n&nbsp; 这些装备包括轻武器、弹药和大约100枚&ldquo;地狱火&rdquo;式反坦克导弹。伊拉克总共订购了500枚这型导弹。沃伦预计，剩余导弹将在2至3周内交付。不过，沃伦说，因为&ldquo;伊黎&rdquo;武装的攻势，美方承包商撤离了巴格达以北的拜莱德空军基地，从而延误了f―16型战机交货进程。<br />\\r\\n综合新华社、央视报道</p>\\r\\n\\r\\n<p>相关新闻<br />\\r\\n万名在伊中国公民处于安全地区<br />\\r\\n&nbsp; 伊拉克爆发严重武装冲突以来，1200余名中国机械设备工程股份有限公司的中方员工停留在邻近冲突地区的萨迈拉市。在中伊双方的共同努力下，这些人员被安 全转移至巴格达，现已陆续登上飞机即将返回国内。中国驻伊拉克大使王勇日前在接受记者采访时说，目前在伊拉克的中国公民还有一万多名，他们基本处在安全形 势可控的地区。<br />\\r\\n&nbsp; 据了解，目前在伊拉克的中国公民还有一万多名，他们当中约80％集中在南部省份，10％分布在包括首都巴格达在内的中部地区，另有10％在库尔德地区。 据新华社电</p>\\r\\n','','2014-07-05 03:29:54','2014-07-05 03:29:54',0,0),(51,19,'挪威展示新型潜射版NSM导弹 拟装备下一代潜艇 ','<p>中新网7月2日电 据中国国防科技信息网报道，挪威康斯堡公司近期展示了一款新型潜射型NSM导弹模型，挪威海军计划用该导弹装备其下一代潜艇，计划采购时间为2025年。</p>\\r\\n\\r\\n<p>潜射型NSM导弹由鱼雷管发射，弹体外部为运载舱，导弹射程可能略低于舰载或空射版。目前，康斯堡公司正与挪威国防部进行沟通，以获得政府财政支撑。</p>\\r\\n\\r\\n<p>NSM导弹正在波兰海军岸防导弹营服役，而波兰也计划加速该导弹的采办计划，包括新型潜射型NSM导弹。</p>\\r\\n\\r\\n<p>基于&ldquo;Orka&rdquo;计划，波兰将采购三艘新型潜艇，前两艘计划于2022年服役，第三艘将于2030年服役。但目前尚未决定是否为这三艘潜艇配备巡航导弹。此外，出人意料的是，康斯堡公司还计划为波兰陆军提供陆基机动式NSM导弹。</p>\\r\\n\\r\\n<p>康斯堡公司发言人承认，由于射程和战斗部重量有限，NSM导弹尚无法取代&ldquo;战斧&rdquo;/NCM级别的远程巡航导弹，但其作战能力仍可摧毁敌军后方的战术目标，包括战术导弹发射装置等。（白旭尧）</p>\\r\\n','','2014-07-05 03:30:20','2014-07-05 03:30:20',0,0),(52,19,'专家：就算没钓鱼岛日本也一定会对中国挑起争端','<p>说<a href=\\\"http://www.chinaiiss.com/military/view/127-19\\\" target=\\\"_blank\\\">日本</a>军 国主义复活，可能一些人并不以为然，甚至说，这未免危言耸听。有的人的看法是，右翼势力、右倾思潮和军国主义还不是一回事。这不错。正像策划与实施、动机 与结果，确有区别。但常识告诉我们，种豆绝不可能长瓜，右倾化土壤只能催生出恶之花。右翼势力扩张，右倾化思潮泛滥，军国主义就会演变成一种现实危险。</p>\\r\\n\\r\\n<p>　　这可以从三个方面看。</p>\\r\\n\\r\\n<p><a href=\\\"http://mobile.chinaiiss.com/strategy/v2/appdownload\\\" target=\\\"_blank\\\"><img src=\\\"http://static.chinaiiss.com/images/new_display/appzw2.jpg\\\" /></a></p>\\r\\n\\r\\n<p>　　其一，有些日本政客没有从恶梦中醒来。日本战败，已成历史。近70年过去了，有的人对侵略历史和战败结局，耿耿于怀。在相当长的时间内，国际社会高度 戒备，日本也不敢公开挑战战后秩序，但从未停止过各种小动作。从偷偷修改教科书、极力掩盖慰安妇罪行，到公开为&ldquo;神风敢死队&rdquo;申遗、内阁成员大规模&ldquo;参 靖&rdquo;，在所有涉及战争罪行的问题上态度消极，没有起码的诚实。正像<a href=\\\"http://www.chinaiiss.com/military/view/126-19\\\" target=\\\"_blank\\\">美国</a>人 曾用&ldquo;菊与刀&rdquo;形容日本，在表面谦和的笑容后面，往往隐藏着锋利的军刀。一般来说，复仇的火焰应随着岁月流逝而减弱，而我们看到的是，在日本却是与日俱 炽。战后日本接受和平，是在战败面前做出的无奈选择。不接受投降命运，这是战后日本的一种政治生态。有错却不认错，犯罪而不悔罪，是荒谬的。更危险的是， 有些日本政客从不认为自己有错有罪。</p>\\r\\n\\r\\n<p>　　其二，借力美国亚洲战略掀风作浪。从历史上看，美国摧毁日本，又扶持日本，是出于冷战需要。从现实看，美国推行&ldquo;亚洲再平衡&rdquo;，又必须倚重日本。日本 看准了机会，顺势摆脱美国束缚。美国完全了解日本右翼势力的危险，但一个武装的日本，与大洋彼岸的美国又有何干呢？有人愿意当搅局的先锋，自然符合美国利 益，何乐而不为呢？他们各有借重，却也各有心思。与沉浸在&ldquo;昭和年代&rdquo;的日本政客有所不同的是，美国奉行实用主义。没有好处的事，美国绝对不干。正像当年 摧毁日本的美国居然成为日本盟友一样，当再次武装起来的日本一旦不甘做美国的&ldquo;婢女&rdquo;(石原慎太郎语)，美国能否拨拉日本这颗棋子，似未可知。这些复杂的 地缘政治关系，不容小视。</p>\\r\\n\\r\\n<p>　　其三，右倾思潮正在变成行动。鉴于二战惨痛教训，日本也有不少有识之士不赞成右倾思潮。但恶势力的膨胀，往往是一种难以抑制的冲动。在蛰伏多年之后， 右翼思潮渐渐浮出水面。其主要标志是，日本外交政策正在恢复尚武好斗的传统：解禁武器出口三原则，将极大刺激日本军工产业;集体自卫权松绑，为出兵海外铺 平道路;修改和平宪法，从法理上为穷兵黩武提供依据。可以预料，日本将接二连三地找出借口，使出招数，扩充军力，加快武装，激活一切非和平的邪恶力量。谓 予不信，拭目以待。</p>\\r\\n\\r\\n<p>　　中日关系恶化，是由日本单方面改变钓鱼岛现状开始，之后逐步升级。或许国际社会有人认为，为一个无人小岛纷争，是不是小题大做了。这样想，就错了。无论怎样，日本是一定会挑起争端的，如果不是钓鱼岛，也会是别的什么事。日本的真正目的，是制造&ldquo;<a href=\\\"http://www.chinaiiss.com/military/view/18-19\\\" target=\\\"_blank\\\">中国</a>威胁&rdquo;舆论，并以此为借口全面迅速提升军力。而其深层原因，是不愿接受、无法容忍中国崛起的现实。</p>\\r\\n\\r\\n<p>　　今夕是何年？世界已经进入21世纪，但有些日本人的思维仍然停留在上世纪三四十年代。这正是日本的悲剧。日本应该认真反省，右倾化的魔鬼一旦被唤醒，恐怕就再也无法装进瓶子。而为军国主义招魂，意味着将再次走向万劫不复的深渊。</p>\\r\\n\\r\\n<p>　　对于周边事态，有的人感到困惑。然而，这正是大国崛起过程中所要面对的问题，不以个人意志为转移。日本执意向右转，谁也拉不住;而中国全面复兴，恐怕 谁也挡不住。从这个意义上说，真正焦虑的应该是日本，而不是中国。中国人热爱和平，不称霸，不惹事，但我们必须保持高度警觉，也必须坚决而沉着应对。</p>\\r\\n','','2014-07-05 03:30:48','2014-07-05 03:30:48',0,0),(53,19,'俄副总理：中俄导航系统相辅相成 在北半球无人能敌','<p><img alt=\\\"\\\" src=\\\"http://images.chinaiiss.com/attachment/article/201407/01/105151_738.jpg\\\" /></p>\\r\\n\\r\\n<p>　　<a href=\\\"http://www.chinaiiss.com/military/view/197-19\\\" target=\\\"_blank\\\">俄罗斯</a>副总理德米特里&middot;罗戈津周一在<a href=\\\"http://www.chinaiiss.com/military/view/18-19\\\" target=\\\"_blank\\\">中国</a>哈尔滨的论坛上称，俄罗斯与中国在发展俄罗斯&ldquo;格拉纳斯&rdquo;和中国&ldquo;北斗&rdquo;卫星导航系统中的合作是俄中在该科技领域高质量新合作的开始。</p>\\r\\n\\r\\n<p><a href=\\\"http://mobile.chinaiiss.com/strategy/v2/appdownload\\\" target=\\\"_blank\\\"><img src=\\\"http://static.chinaiiss.com/images/new_display/appzw2.jpg\\\" /></a></p>\\r\\n\\r\\n<p>　　据罗戈津介绍，&ldquo;格拉纳斯&rdquo;和&ldquo;北斗&rdquo;在自己的轨道运行中可以很好地互动，而且在合作的情况下，这个联合系统在北半球无人能敌。</p>\\r\\n\\r\\n<p>　　罗戈津说，&ldquo;当然，在这个问题上我们有很长远的未来&rdquo;。</p>\\r\\n\\r\\n<p>　　周一早些时候，罗戈津参加了&ldquo;第一届俄罗斯-中国博览会&rdquo;的开幕式，会展会在哈尔滨持续进行到7月4日。本次展会的主题是&ldquo;新机遇、新平台&rdquo;。</p>\\r\\n\\r\\n<p>　　&ldquo;俄罗斯-中国博览会&rdquo;是展现俄中工业企业和机构的有竞争力的产品和生产技术研发能力、发展双方合作项目和建立新联系的大平台。</p>\\r\\n\\r\\n<p>　　<strong>北斗导航系统正式提供区域服务 已完全覆盖亚太地区</strong></p>\\r\\n\\r\\n<p><img alt=\\\"\\\" src=\\\"http://images.chinaiiss.com/attachment/article/201406/06/141848_550.jpg\\\" /></p>\\r\\n\\r\\n<p>&nbsp;</p>\\r\\n\\r\\n<p>北斗导航系统正式提供区域服务</p>\\r\\n\\r\\n<p>2012年12月27日10时，国务院新闻办公室举行新闻发布会，正式宣布我国北斗卫星导航系统区域组网已经完成，并实现了14星组网，全面完成亚太区域导航系统建设任务，投入正式运行。</p>\\r\\n\\r\\n<p><img alt=\\\"北斗导航系统正式提供区域服务\\\" src=\\\"http://images.chinaiiss.com/attachment/article/201406/06/141237_761.jpg\\\" /></p>\\r\\n\\r\\n<p>北斗导航系统正式提供区域服务</p>\\r\\n\\r\\n<p>面对长期占据垄断地位的强劲对手，&ldquo;北斗&rdquo;的应用前景备受国人关注。对此，全国人大代表、中国航天科技集团公司副总经理张建恒显得信心十足。他曾对媒体表示：&ldquo;预计&lsquo;十二五&rsquo;期间，北斗导航卫星业务应用将有井喷式发展。&rdquo;</p>\\r\\n','','2014-07-05 03:31:18','2014-07-05 03:31:18',0,0),(54,19,'香港上空出现震撼一幕 反对派胆战心惊','<p><strong>社区公告：</strong><a href=\\\"http://www.yaosai.com/prom/2014tmaihui.html?mier_content_gonggao\\\" target=\\\"_blank\\\">米尔官方商城满300送150元大促销</a> <a href=\\\"http://www.yaosai.com/shop/migdaz/watch2/?mier_content_gonggao\\\" target=\\\"_blank\\\">洗手游泳都不用脱的防水统帅军表</a> <a href=\\\"http://www.yaosai.com/shop/migdaz/yeshi/?mier_content_gonggao\\\" target=\\\"_blank\\\">能减少86%车祸率的驾车夜视眼镜</a> <a href=\\\"http://www.yaosai.com/shop/migdaz/jsqi/?mier_content_gonggao\\\" target=\\\"_blank\\\">眼镜盒就能放下的最小便携净水器</a> <a href=\\\"http://www.yaosai.com/shop/migdaz/shenhuo/?mier_content_gonggao\\\" target=\\\"_blank\\\">远射500米的超级战术强光手电</a> <a href=\\\"http://www.yaosai.com/prom/2014tmaihui.html?mier_content_gonggao\\\" target=\\\"_blank\\\">全场包邮，货到付款&hellip;&hellip;</a></p>\\r\\n\\r\\n<p><strong>　　7月1日上午8时香港回归纪念日，五星红旗高悬维多利亚港上空</strong></p>\\r\\n\\r\\n<p><strong>　　香港激进反对派组织&ldquo;学潮&rdquo;七一占领中环</strong></p>\\r\\n\\r\\n<p>　　激进反对派组织&ldquo;学民思潮&rdquo;及学联计划今日提前&ldquo;占领中环&rdquo;，于&ldquo;七一&rdquo;游行后占领中环遮大道及包围特首办公室，企图以违法方式逼使政府接受&ldquo;公民提名&rdquo;的政改方案。</p>\\r\\n\\r\\n<p>　　特区政府昨日强调，对于违法和扰乱社会秩序的行为，执法部门会严格依法处理。</p>\\r\\n\\r\\n<p>　　本港社会各界人士批评&ldquo;学民思潮&rdquo;及学联&ldquo;输打赢要&rdquo;，输了所谓&ldquo;公投&rdquo;便临急临忙走出来预演&ldquo;占中&rdquo;，公然挑战法治，漠视社会福祉。</p>\\r\\n\\r\\n<p>&nbsp;</p>\\r\\n\\r\\n<p><a href=\\\"http://www.miercn.com/bdnews/201407/329674_2.html\\\"><img alt=\\\"\\\" src=\\\"http://pic.miercn.com/uploads/allimg/140701/29_140701103532_1.jpg\\\" style=\\\"height:392px; width:550px\\\" /></a></p>\\r\\n\\r\\n<p>点击图片进入下一页</p>\\r\\n\\r\\n<p>&nbsp;</p>\\r\\n\\r\\n<p>　　7月1日五星红旗高悬香港维多利亚港上空。在下面的&ldquo;占领中环&rdquo;的香港激进派人士会作何感想呢？任何胆敢挑衅一个中国的图谋都将受到历史的审判！<br />\\r\\nwww.miercn.com 军情第一站</p>\\r\\n\\r\\n<p>&nbsp;</p>\\r\\n\\r\\n<p><a href=\\\"http://www.miercn.com/bdnews/201407/329674_2.html\\\"><img alt=\\\"\\\" src=\\\"http://pic.miercn.com/uploads/allimg/140701/29_140701103532_2.jpg\\\" style=\\\"height:458px; width:550px\\\" /></a></p>\\r\\n\\r\\n<p>&nbsp;</p>\\r\\n\\r\\n<p>点击图片进入下一页</p>\\r\\n\\r\\n<p>&nbsp;</p>\\r\\n\\r\\n<p>中华人民共和国香港特别行政区区旗</p>\\r\\n\\r\\n<p>　　&ldquo;学民思潮&rdquo;及学联昨日召开记者会，声言计划&ldquo;七一&rdquo;游行后，在无向警方申请不反对通知书下，分别占领中环遮打道及包围特首办，希望向政府施压，争取包含&ldquo;公提&rdquo;的政改方案，更声称行动将维持至周三早上8时，等候特首梁振英上班。<a href=\\\"http://www.baidu.com/cb.php?c=IgF_pyfqnHRznWRznjD0IZ0qnfK9ujYknHTYPHcv0Aw-5HDYnH6knj00TAq15HmvPWDLnfK15H-WuWKhn10dPHcYujR4P1n0uZfqnHfsPjR1nH04nfKdThsqpZwYTjCEQLILIz44myq1myb8mvqVQv-8IANzQvczQsKzujYzn6KBUHYs0ZKz5H00Iy-b5HDYnH6snj60Uv-b5Hc1nW610APGujYLPjT4P0KEIv3qnWcLnjb0mLFW5HRLP1Tv\\\" target=\\\"_blank\\\">过节在家299元免费看1000套高清电视</a></p>\\r\\n\\r\\n<p>　　对于&ldquo;占中&rdquo;发起人不认为&ldquo;七一&rdquo;是&ldquo;占中&rdquo;时机，学联秘书长承认与&ldquo;占中&rdquo;发起人的路线图&ldquo;有分野，判断上有不同&rdquo;。</p>\\r\\n','','2014-07-05 03:32:03','2014-07-05 03:32:03',0,0),(55,19,'中韩蜜月内幕：中朝会晤竟被金正恩否决 ','<p>阅读提示：上海社科院亚太研究所研究员刘鸣透露，<strong>中方本来还是希望按惯例，新领导人上任后先访问平壤，后访问首尔</strong>。但是，刘鸣说，&ldquo;<strong><a href=\\\"http://www.miercn.com/tag/chaoxian_145_1.html\\\" target=\\\"_blank\\\">朝鲜</a>方面没有配合</strong>&rdquo;。</p>\\r\\n\\r\\n<p>　　据英国媒体报道，中国外交部宣布中国国家主席习近平将于7月3日至4日对韩国进行国事访问后，韩国的媒体反应热烈，关注朝鲜半岛的外交官和分析人士议论纷纷。</p>\\r\\n\\r\\n<p>　　英国媒体报道，习近平访问韩国是对韩国总统朴槿惠去年6月中国之行的回访。礼尚往来之事，何以如此引人注目？因为习近平访韩打破了一个北京与平壤之间的惯例：中国新任领导人首先访问平壤，然后访问首尔。</p>\\r\\n\\r\\n<p><strong>　　北京不悦</strong></p>\\r\\n\\r\\n<p>　　中国与朝鲜有&ldquo;血盟&rdquo;关系，用官方的套话说，&ldquo;中朝友谊是用鲜血凝成的&rdquo;。中国是朝鲜的主要盟友、援助国、投资国和贸易伙伴。</p>\\r\\n\\r\\n<p>　　但是，外交分析人士认为，<strong>金正恩上台后，并没有显示出对北京应有的尊敬，让北京很不高兴。</strong></p>\\r\\n\\r\\n<p>　　美国媒体6月28日发表题为《习近平为何未至朝鲜先访韩国？》的报道称，<strong>朝鲜去年不顾中国的警告</strong>，进行了第三次核试验。金正恩对访问中国几乎没有显示出兴趣。</p>\\r\\n\\r\\n<p>&nbsp;</p>\\r\\n\\r\\n<p><a href=\\\"http://www.miercn.com/bdnews/201407/329675_2.html\\\"><img alt=\\\"\\\" src=\\\"http://pic.miercn.com/uploads/allimg/140701/33_140701103816_1.jpg\\\" style=\\\"height:382px; width:550px\\\" /></a></p>\\r\\n\\r\\n<p>点击图片进入下一页</p>\\r\\n\\r\\n<p>&nbsp;</p>\\r\\n\\r\\n<p>资料图：朝鲜领导人金正恩与夫人李雪主<br />\\r\\n米尔军事论坛 bbs.miercn.com</p>\\r\\n\\r\\n<p>&nbsp;</p>\\r\\n\\r\\n<p><a href=\\\"http://www.miercn.com/bdnews/201407/329675_2.html\\\"><img alt=\\\"\\\" src=\\\"http://pic.miercn.com/uploads/allimg/140701/33_140701103531_2.jpg\\\" style=\\\"height:433px; width:550px\\\" /></a></p>\\r\\n\\r\\n<p><br />\\r\\n转自米尔军情网 http://www.miercn.com</p>\\r\\n\\r\\n<p>&nbsp;</p>\\r\\n\\r\\n<p>点击图片进入下一页<br />\\r\\nwww.miercn.com 爱国交流理性平台</p>\\r\\n\\r\\n<p>&nbsp;</p>\\r\\n\\r\\n<p>资料图：国家主席习近平与韩国总统朴槿惠</p>\\r\\n\\r\\n<p>　　报道认为，另一因素是，金正恩最近努力向俄罗斯和日本寻求援助和投资，明显是担心朝鲜过于依赖中国。</p>\\r\\n\\r\\n<p><strong>　　韩国的媒体也对习近平选择首先到首尔进行了不同的解读。</strong></p>\\r\\n\\r\\n<p>　　韩国媒体6月24日报道，今年以来，朝鲜表现出要&ldquo;摆脱&rdquo;中国影响的迹象。朝鲜承诺重新调查日本人被绑架问题，表现出积极改善对日关系的态度。朝鲜还获得俄罗斯豁免100亿美元的债务。</p>\\r\\n\\r\\n<p>　　韩国媒体说，中国当局虽然表示，朝鲜改善与周边国家之间的关系是件好事，但在中日关系严重僵化的情况下，朝日两国突然走得很近自然令中国不悦。</p>\\r\\n\\r\\n<p><strong>　　政治信号</strong> <a href=\\\"http://www.baidu.com/cb.php?c=IgF_pyfqnHRznWRznjD0IZ0qnfK9ujYknWR3njfs0Aw-5HDYnH6knj00TAq15HmvPWDLnfK15ywhmynduANbmW04PWRkPWf0uZfqnHfsPjR1nHDYnsKdThsqpZwYTjCEQLILIz44myq1myb8mvqVQv-8IANzQvczQsKzujYzn6KBUHYs0ZKz5H00Iy-b5HDYnH6snj60Uv-b5Hc1nW610APGujYLPjT4P0KEIv3qnWcLnjb0mLFW5HmYnWcL\\\" target=\\\"_blank\\\">国内外1000套电视台299元免费看</a></p>\\r\\n\\r\\n<p>　　韩国媒体称，中国领导人此次访韩有望成为影响中韩关系以及朝鲜半岛和东北亚未来的里程碑。</p>\\r\\n','','2014-07-05 03:33:16','2014-07-05 03:33:16',0,0),(56,19,'俄专家：伊拉克需至少30架苏25战机以阻恐怖组织','<p><img alt=\\\"(原文配图)\\\" src=\\\"http://mil.fjsen.com/images/attachement/jpg/site102/20140702/d067e519bbcc151daf891c.jpg\\\" /></p>\\r\\n\\r\\n<p>苏-25强击机(原文配图)</p>\\r\\n\\r\\n<p>中新网7月2日电 据俄新社报道，俄罗斯世界武器贸易分析中心主任伊戈尔&middot;科罗特琴科认为，伊拉克需要至少30架苏-25强击机，以便阻止&ldquo;伊拉克与黎凡特伊斯兰国&rdquo;组织，此外还需要引进其他战机，还可以引入外国飞行员。</p>\\r\\n\\r\\n<p>科 罗特琴科表示：&ldquo;合同的商业数据、价值、确切数量、供应期限由于可以理解的原因，未进行公开。我认为，30至40架苏-25战机足以成为(伊拉克)阻止极 端分子进攻和使其遭受重大损失的巨大潜力。&rdquo;他指出，伊拉克仅有苏-25战机无法解决问题，还需要供应能够打击地面目标的战机和米-24攻击直升机。</p>\\r\\n\\r\\n<p>科罗特琴科强调，重要的是有驾驶此类飞机的高水平飞行员。伊拉克有三种方案：拥有驾驶苏-25经验的本国飞行员、外国专业人士(包括独联体飞行员，但不是俄罗斯飞行员)以及引入伊朗飞行员，毕竟伊朗在现有形势下拥有&ldquo;特殊利益&rdquo;。</p>\\r\\n\\r\\n<p>科罗特琴科最后称：&ldquo;俄罗斯在现有形势下展现出它是一个可靠的伙伴，伊拉克需要紧急军事技术援助，我们提供了这样的援助，而与此同时，美国却以各种理由没有提供，尽管华盛顿对伊拉克形势负有主要责任。&rdquo;</p>\\r\\n\\r\\n<p>最近三周，&ldquo;伊拉克与黎凡特伊斯兰国&rdquo;的武装分子占领了伊拉克的几个城市以及叙利亚与约旦的接壤地区。6月29日，&ldquo;伊拉克与黎凡特伊斯兰国&rdquo;宣布成立&ldquo;伊斯兰国&rdquo;，呼吁全世界的&ldquo;圣战&rdquo;人士向其效忠。</p>\\r\\n\\r\\n<p>6月底，伊拉克获得俄罗斯紧急采购的首批10架苏霍伊战机，用于打击&ldquo;伊拉克与黎凡特伊斯兰国&rdquo;武装分子。不过，俄罗斯驻巴格达大使伊利娅莫尔古诺夫表示，俄罗斯飞行员不会在伊拉克境内参与针对极端组织&ldquo;伊拉克和黎凡特伊斯兰国&rdquo;的战事。</p>\\r\\n','','2014-07-05 03:34:11','2014-07-05 03:34:11',0,0),(57,19,'7日7日 重庆开通至新疆喀纳斯航线','<h1>7日7日 重庆开通至新疆喀纳斯航线</h1>\\r\\n\\r\\n<p>2014/07/02 07:23 来源：<a href=\\\"http://cq.focus.cn/common/modules/newscenter/media_list.php?source_name=%E9%87%8D%E5%BA%86%E5%95%86%E6%8A%A5\\\" target=\\\"_blank\\\">重庆商报</a> <strong>0</strong>条评论</p>\\r\\n\\r\\n<p>　　商报记者&nbsp;郑三波</p>\\r\\n\\r\\n<p>　　重庆商报讯&nbsp;昨日，记者从重庆机场了解到，四川航空公司将从7月7日起，新开通重庆&mdash;乌鲁木齐&mdash;喀纳斯航线。这是继乌鲁木齐、库尔勒之后重庆机场开通的第三个疆内航点。</p>\\r\\n\\r\\n<p>　　据了解，该航班计划7月7日起每周五班，每周一、三、四、六、七执行，早上06:55起飞，12:40到达喀纳斯，中间经停乌鲁木齐；返程航班13:50从稻城起飞，19:15到达重庆。该航班开通后，重庆的游客只需约6小时航程即可到达喀纳斯，而以往经乌鲁木齐中转至少要1-2天时间。开航初期，四川航空推出了最低2折的优惠机票，单程仅需630元（不含税）。&nbsp;</p>\\r\\n\\r\\n<p><strong>　　相关</strong></p>\\r\\n\\r\\n<p><strong>　　暑期游故宫&nbsp;可提前半小时进门</strong></p>\\r\\n\\r\\n<p>　　据新华社电&nbsp;记者1日从故宫博物院获悉，为保障故宫和观众安全、方便观众暑期参观游览，故宫专门制定了暑期接待方案，7月5日至8月24日暑期开放期间，故宫博物院每天8点开始接待游客，较以往提前半小时，停止售票时间为16点，清场时间为17点。</p>\\r\\n\\r\\n<p>　　同时，故宫将根据观众流量，随时调整售票窗口数量、调控售票速度，缓解观众排队购票压力和重点区域观众流量。另外，故宫还公布了电子门票预售网址gugong.228.com.cn，以及有专人值守的观众投诉电话010－85007315。</p>\\r\\n','','2014-07-05 03:34:45','2014-07-05 03:34:45',0,0),(58,19,'山东省军区后备干部选拔考核：统一参加笔试面试','<p>演兵场上枪炮阵阵，理论考场气氛紧张。6月下旬，山东省军区100多名由基层推荐的预提副团职干部来到省军区教导大队，统一参加笔试、面试、轻武器射击和体能等课目考核，接受综合评判和选拔。</p>\\r\\n\\r\\n<p>　　记者在考核现场看到，参与评判监督的不仅有省军区相关领导，还有机关纪检干部、教导大队专业骨干和基层战士。笔试现场全程录像、面试成绩当场公 布、轻武器射击现地联合检靶，全程严把标准程序、严肃考风考纪、严格评分评定。轻武器射击和体能考核成绩是两项硬指标，不合格者即遭淘汰。</p>\\r\\n\\r\\n<p>　　该省军区政委刘从良介绍，在基层考核推荐、省军区统一考试选拔的&ldquo;双考&rdquo;机制基础上，他们注重结合干部队伍实际和形势任务需要，及时改进考核内 容、加强监督力度。今年，在第二批党的群众路线教育实践活动中，他们就&ldquo;双考&rdquo;的内容设置、组织方法等广泛征求官兵意见，确保考核选拔公开透明。</p>\\r\\n\\r\\n<p>　　据悉，本次考核有3人轻武器射击打出50环的好成绩。参考人员纷纷表示，只有真学、真练，才能凭真本事成长进步。(商小兵 特约记者舒启东)</p>\\r\\n','','2014-07-05 03:35:11','2014-07-05 03:35:11',0,0),(59,18,'刘欢直言压力大 招徒很难很要命','<p>昨日，第二季《中国好歌曲》宣布启动，同时，首季《好歌曲》发布原创大碟的承诺也于当日兑现。为招揽更多优秀原创音乐人，导师们现场卖力&ldquo;做广告&rdquo;，刘欢直言，当《好歌曲》导师压力比《好声音》大一倍，很难很要命。</p>\\r\\n\\r\\n<p><a href=\\\"http://ent.163.com/14/0702/07/A04NHI6800032DGD.html\\\">原标题: 刘欢直言压力大 招徒很难很要命</a></p>\\r\\n\\r\\n<p>　　楚天都市报讯 本报上海电（记者伍迪）昨日，第二季《中国好歌曲》宣布启动，同时，首季《好歌曲》发布原创大碟的承诺也于当日兑现。导师阵容与首季相同，依旧是刘欢、周 华健、蔡健雅、杨坤。为招揽更多优秀原创音乐人，导师们现场卖力&ldquo;做广告&rdquo;，刘欢直言，当《好歌曲》导师压力比《好声音》大一倍，很难很要命。</p>\\r\\n\\r\\n<p>　　&ldquo;当导师时，基本上要在两分钟内判断出创作人的价值和潜力，还要考虑我为他提升的空间有多大，需要百倍集中精力，挺难的，做这个导师挺要命的。&rdquo;刘欢连连诉苦。周华健则大赞比赛挖掘出了很多优秀原创音乐，更戏称若是再年轻10岁，他肯定来参赛。</p>\\r\\n\\r\\n<p>　　第一季比赛中，每位选手只创作一首歌，但每场比赛有不同的编曲，然而不少观众认为，有些歌经改编后，反而不如原版。第二季赛制上会有变化么？刘欢透露，导师们有意将第二季的参赛歌曲增加到3首，如果这一想法能实现，导师改编歌曲环节可能就没时间进行了。</p>\\r\\n\\r\\n<p>　　第一季的《卷珠帘》、《要死就死在你手里》等原创歌曲，目前已成为KTV热门曲目，导师们对第二季有什么期待？蔡健雅希望&ldquo;能听到更多个人风格强烈的创作歌曲。&rdquo;据了解，第二季《好歌曲》预计将于明年年初登陆央视综艺频道。</p>\\r\\n','','2014-07-05 03:36:03','2014-07-05 03:36:03',0,0),(60,18,'黄奕老公回应不雅视频传闻 称妻子是\"女神\"(组图) ','<table border=\\\"0\\\" cellpadding=\\\"0\\\" cellspacing=\\\"0\\\" style=\\\"width:620px\\\">\\r\\n	<tbody>\\r\\n		<tr>\\r\\n			<td><a href=\\\"http://www.chinanews.com/ent/index.shtml\\\" target=\\\"_self\\\"><img src=\\\"http://i3.chinanews.com/2011/news/images/2.png\\\" style=\\\"height:31px; width:14px\\\" /></a></td>\\r\\n			<td>\\r\\n			<p><a href=\\\"http://www.chinanews.com/yl/2014/07-02/6340561_2.shtml#nextpage\\\" target=\\\"_self\\\"><img src=\\\"http://www.chinanews.com/yl/2014/07-02/U253P4T8D6340561F107DT20140702082826.jpg\\\" /></a></p>\\r\\n			</td>\\r\\n			<td><a href=\\\"http://www.chinanews.com/yl/2014/07-02/6340561_2.shtml#nextpage\\\" target=\\\"_self\\\"><img src=\\\"http://i3.chinanews.com/2011/news/images/3.png\\\" style=\\\"height:31px; width:14px\\\" /></a></td>\\r\\n		</tr>\\r\\n	</tbody>\\r\\n</table>\\r\\n\\r\\n<p>图片来源：黄毅清微博</p>\\r\\n\\r\\n<p>　　<a href=\\\"http://www.chinanews.com/\\\" target=\\\"_blank\\\">中新网</a>7月2日电 女星黄奕婚变事件已开始走法律程序，但依旧每天上演&ldquo;狗血剧&rdquo;，其老公黄毅清昨天被曝出不雅视频，他在微博疑似否认，并写道：&ldquo;黄奕真的是一个好妻子&hellip;&hellip;简直就是站在道德最高点上的女神。&rdquo;</p>\\r\\n\\r\\n<table align=\\\"left\\\" border=\\\"0\\\" cellpadding=\\\"0\\\" cellspacing=\\\"0\\\">\\r\\n	<tbody>\\r\\n		<tr>\\r\\n			<td>&nbsp;</td>\\r\\n		</tr>\\r\\n	</tbody>\\r\\n</table>\\r\\n\\r\\n<p>&nbsp;</p>\\r\\n\\r\\n<p>　　<strong>黄毅清辞职再度讨伐黄奕</strong></p>\\r\\n\\r\\n<p>　　黄毅清昨天下午发布声明，&ldquo;本人黄毅清就近日发生的关于本人家庭矛盾所引起的社会舆论和媒体发布的有关报道，发表如下声明：一、首先感谢社会各 界近期对本人及本人家庭问题的关心；二、本人既为人父、亦为人子、更为人父而深感自己责任重大；三、对近期有关不实报道的行为，本人将委托律师保留依法追 究其法律责任的权利&rdquo;。</p>\\r\\n\\r\\n<p>　　不到一小时，他又再发声明，表示&ldquo;由于本人个人的原因，我现在正式辞去SCC上海超跑俱乐部会长职务&rdquo;。同时，黄毅清再度把矛头对准黄奕，直 言：&ldquo;真实的世界终于揭露了丑陋阴暗的内心；若不是亲眼所见，一定不会相信躲在背后指使一切的真的是你。为混淆焦点对我抹黑，父亲日积月累的爱被抹黑成作 秀；在你宣传和助理都曾亲眼目睹对我拳打脚踢并把你拉开的情况下，竟还反把我栽赃成为了家暴&lsquo;施暴者&rsquo;；自己出轨却推我下葬。既然如此，那就做个了 断&hellip;&hellip;&rdquo;</p>\\r\\n\\r\\n<p>　　<strong>回应不雅视频传闻</strong></p>\\r\\n\\r\\n<p>　　另外，1日下午，名为&ldquo;安迪黄真实爆料&rdquo;的网友爆料称，握有一组黄毅清出轨的不雅照，并晒出黄毅清和陈冠希的合影。</p>\\r\\n\\r\\n<p>　　当晚，黄毅清连发数条微博疑回应，他先写道&ldquo;好自为之&rdquo;、&ldquo;别闹了～有料就放&rdquo;、然后又表示：&ldquo;就算没有1080P高清HD也至少给个GIF吧，从照片来看感觉是可乐也说不定&hellip;&hellip;&rdquo;</p>\\r\\n\\r\\n<p>　　有意思的是，晚上22:55，黄毅清写道：&ldquo;黄奕真的是一个好妻子，结婚后就相夫教子，不会婚后跟富商出去约会乱来，前夫对她的评价很高，黄奕 更是个爱孩子的好妈妈，微博里更新的全是孩子的照片，黄奕也是个温柔的好姑娘从来不会大声的说话，不会像泼妇一样的骂街，黄奕很顾家从来不会找人去黑在自 己的老公~~黄奕简直就是站在道德最高点上的女神。</p>\\r\\n','','2014-07-05 03:36:37','2014-07-05 03:36:37',0,0),(61,18,'阿雅美国产女取名Ava 晒爱女照宣布已注册结婚/图 ','<p><img src=\\\"http://news.xinhuanet.com/ent/2014-07/02/126701342_14042729461241n.jpg\\\" /></p>\\r\\n\\r\\n<p><img src=\\\"http://news.xinhuanet.com/ent/2014-07/02/126701342_14042729461251n.jpg\\\" /></p>\\r\\n\\r\\n<p><img src=\\\"http://news.xinhuanet.com/ent/2014-07/02/126701342_14042729461271n.jpg\\\" /></p>\\r\\n\\r\\n<p>&nbsp;&nbsp;&nbsp;&nbsp;北 京时间7月2日早晨10点，阿雅在微博发布一张写着自己和宝宝名字的照片，宣布女儿Ava出生。&ldquo;我们心爱的小宝贝Ava诞生了！有猜对吗？是女儿！我和 老公也在美国注册结婚，我们很享受简单低调的幸福，所以不会办婚礼。谢谢大家的祝福！你们的祝福就是最美好的礼物！！我们也祝天下的宝宝都健康幸福！！要 好好开始做月子啦，哈哈！把满满的爱送给大家～&rdquo;。这也是阿雅首次宣布自己注册结婚。虽然此前被好友及媒体爆料是&ldquo;不婚主义&rdquo;，但阿雅坦言，为了孩子出生 后能有一个完整幸福的家庭，自己也选择走进婚姻的殿堂，所以在美国注册结婚。</p>\\r\\n\\r\\n<p>&nbsp;&nbsp;&nbsp;&nbsp;自今年1月被曝怀孕后，阿雅就大幅减少公众曝光率，5月份赴美待产后，网友及粉丝大多只能通过微博得悉她的近况。升格为&ldquo;准妈妈&rdquo;之后，这 个机灵俏皮的女生也不改鬼马活泼的本性，微博上搞笑逗乐段子层出不穷。前不久首次曝光的正面孕照上，也画上了卡通形象，穿着中性衬衣，大显&ldquo;女汉纸&rdquo;本 色，令人莞尔。虽然活泼的&ldquo;本性&rdquo;难移，但毕竟升格成母亲，所以言语表情之中也颇多爱意流淌，焕发母性光辉。</p>\\r\\n\\r\\n<p>&nbsp;&nbsp;&nbsp;&nbsp;阿雅与老公相恋多年，但外界对其所知甚少。阿雅曾表示感情乃是私事，不想曝之于众，而且老公也是圈外人，生性羞涩内敛，不想有太多的关注来 对二人的生活造成压力。但她也表示，知道很多粉丝及和媒体朋友的都是持善意关注，自己对此也非常感谢。如今小Ava已经出生，自己也很希望能让她在完整的 家庭里快乐地成长。</p>\\r\\n\\r\\n<p>&nbsp;&nbsp;&nbsp;&nbsp;今年娱乐圈怀孕女星似乎是约好了，清一色生的美少女，大S、杨幂、吴佩慈、孙俪,，以及这次的阿雅。此前阿雅就表示，自己非常非常希望生女儿，如今Ava的到来，看来是得偿所愿。</p>\\r\\n','','2014-07-05 03:37:26','2014-07-05 03:37:26',0,0),(62,18,'4名北漂群众演员扮成唐僧师徒街头捡垃圾 ','<p><img alt=\\\"\\\" src=\\\"http://news.youth.cn/sh/201407/W020140702517251774426.jpg\\\" /></p>\\r\\n\\r\\n<p>4名北漂群众演员扮成唐僧师徒街头捡垃圾</p>\\r\\n\\r\\n<p>　　话说&ldquo;唐僧师徒四人&rdquo;奔赴西天取经，来到了北京的三里屯。他们手中的武器棒变成了捡垃圾的小夹子，牵着的白龙马身上挎着簸箕，挑担的行李也变成了垃圾桶。过往的路人赞赏了师徒四人的做法，勉励他们将环保进行到底。</p>\\r\\n','','2014-07-05 03:38:13','2014-07-05 03:38:13',0,0),(63,18,'纪敏佳美艳近照曝光 网友质疑其整容(图)','<p>近日，有网友扒出了前超女<a href=\\\"http://www.jfdaily.com/wenyu/new/201407/t20140702_506988.html#%22\\\" target=\\\"_blank\\\">纪敏佳</a>的近照，样貌发生了翻天覆地的变化。三位如今都是歌坛赫赫有名的人物，第四名的何洁也发展得很好，但是第五名的纪敏佳却不为人所熟知。纪敏佳唱功不俗，但是在俊男美女扎堆的娱乐圈，长相平平的她很难脱颖而出。</p>\\r\\n\\r\\n<p><img alt=\\\"\\\" src=\\\"http://images.jfdaily.com/jiefang/wenyu/new/201407/W020140702335262026765.jpg\\\" /></p>\\r\\n\\r\\n<p><img alt=\\\"\\\" src=\\\"http://images.jfdaily.com/jiefang/wenyu/new/201407/W020140702335267790133.jpg\\\" /></p>\\r\\n\\r\\n<p>近日，有网友扒出了前<a href=\\\"http://www.jfdaily.com/wenyu/new/201407/t20140702_506988.html#%22\\\" target=\\\"_blank\\\">超女</a>纪 敏佳的近照，样貌发生了翻天覆地的变化。纪敏佳是2005年超女第五名，当年的前三甲是李宇春、周笔畅、张靓颖。三位如今都是歌坛赫赫有名的人物，第四名 的何洁也发展得很好，但是第五名的纪敏佳却不为人所熟知。纪敏佳唱功不俗，但是在俊男美女扎堆的娱乐圈，长相平平的她很难脱颖而出。近年，纪敏佳的容貌一 点点改变，网友怀疑她做了整容手术。因为时至今日，纪敏佳的脸上已经完全看不出以前的样子，网友纷纷感叹：这是整得连爹妈都不认识了吧！</p>\\r\\n\\r\\n<p>图为▲十年前的纪敏佳和现在的纪敏佳</p>\\r\\n','','2014-07-05 03:38:52','2014-07-05 03:38:52',0,0),(64,18,'《音乐之乡》男星查尔斯·伊斯特将举行巡演 ','<p><img alt=\\\"\\\" src=\\\"http://news.xinhuanet.com/world/2014-07/02/126701667_14042803723731n.jpg\\\" /></p>\\r\\n\\r\\n<p>　　据美国《滚石》杂志7月1日报道，在ABC热播美剧《音乐之乡》中有着上佳表现的男星查尔斯&middot;伊斯特将于7月5日举办自己的夏日巡回演唱会。</p>\\r\\n\\r\\n<p>　　在剧集中扮演一名词作家同时身兼乐队吉他手的查尔斯，表现了其不俗的音乐才能。此次的巡演，他表示将邀请在剧中他侄女的扮演者、同时也是主演之一的克莱尔&middot;鲍温(Clare Bowen)担任嘉宾，还有其他剧中的同仁也将参与其中。巡演地点包括德州、威斯康辛、俄亥俄、印第安纳、犹他州，以及剧中的拍摄地、美国著名的音乐之乡纳什维尔。</p>\\r\\n\\r\\n<p>　　目前，查尔斯和家人已经在纳什维尔安了家。他告诉记者，自己因为拍剧而爱上了这个地方，这里的人们友好和善，纳什维尔可以说是自己的福地。同时他表示将不会只寄情于表演，为了最近的巡演，他正在积极地学习吉他独奏。</p>\\r\\n','','2014-07-05 03:39:17','2014-07-05 03:39:17',0,0),(65,18,'郑渊洁童话改编电视剧 “影后”李馨巧出演(图)','<p>《皮皮鲁和鲁西西》要拍真人版电视剧，饰演皮皮鲁的是内地小演员胡世群，饰演鲁西西的是马来西亚小演员李馨巧，曾经凭《激战》获得上海电影节最佳女演员奖，创下金爵奖史上最年轻<a href=\\\"http://www.jfdaily.com/wenyu/new/201407/t20140702_508545.html#%22\\\" target=\\\"_blank\\\">影后</a>的纪录。日前，童话作者郑渊洁出现在探班现场。</p>\\r\\n\\r\\n<p><img alt=\\\"\\\" src=\\\"http://images.jfdaily.com/jiefang/wenyu/new/201407/W020140702512269344839.jpg\\\" /></p>\\r\\n\\r\\n<p>《皮皮鲁和鲁西西》要拍真人版<a href=\\\"http://www.jfdaily.com/wenyu/new/201407/t20140702_508545.html#%22\\\" target=\\\"_blank\\\">电视剧</a>，饰演皮皮鲁的是内地小演员胡世群，饰演鲁西西的是马来西亚小演员李馨巧，曾经凭《激战》获得上海电影节最佳女演员奖，创下金爵奖史上最年轻影后的纪录。日前，童话作者郑渊洁出现在探班现场。</p>\\r\\n','','2014-07-05 03:39:41','2014-07-05 03:39:41',0,0),(66,18,'李敏镐人气力压金秀贤 吴亦凡被封\"完美男神\"(图)','<p>据香港&ldquo;明报&rdquo;消息，近日台湾选举&ldquo;2014两岸男神榜&rdquo;，经过接近1个月有逾200万人次投票，在&ldquo;完美男神&rdquo;的投选中，最多女性想嫁的&ldquo;完美男神&rdquo;是前EXO成员<a href=\\\"http://www.jfdaily.com/wenyu/new/201407/t20140702_507743.html#%22\\\" target=\\\"_blank\\\">吴亦凡</a>(Kris)，一度领先本是言承旭，但最后吴亦凡后来居上，他被赞帅气、幽默又性感有才华，所以如此完美最想嫁他。</p>\\r\\n\\r\\n<p><img alt=\\\"李敏镐人气力压金秀贤吴亦凡被封“完美男神”（图）\\\" src=\\\"http://images.jfdaily.com/jiefang/wenyu/new/201407/W020140702392240295409.jpg\\\" /></p>\\r\\n\\r\\n<p>图片来源：香港&ldquo;<a href=\\\"http://www.jfdaily.com/wenyu/new/201407/t20140702_507743.html#%22\\\" target=\\\"_blank\\\">明报</a>&rdquo;</p>\\r\\n\\r\\n<p>中 新网7月2日电 据香港&ldquo;明报&rdquo;消息，近日台湾选举&ldquo;2014两岸男神榜&rdquo;，经过接近1个月有逾200万人次投票，在&ldquo;完美男神&rdquo;的投选中，最多女性想嫁的&ldquo;完美男神&rdquo;是 前EXO成员吴亦凡(Kris)，一度领先本是言承旭，但最后吴亦凡后来居上，他被赞帅气、幽默又性感有才华，所以如此完美最想嫁他。亚军为邱泽，季军则 是五月天的阿信。</p>\\r\\n\\r\\n<p>至于在&ldquo;经典男神&rdquo;的投选中，冠军为钟汉良，而出道30年的刘德华则屈居亚军，同时在韩国经常斗得难分难解的<a href=\\\"http://www.jfdaily.com/wenyu/new/201407/t20140702_507743.html#%22\\\" target=\\\"_blank\\\">李敏镐</a>与金秀贤，在&ldquo;梦幻韩神&rdquo;票选中李敏镐以14万票居榜首，金秀贤仅得第4位，而李敏镐更兼获&ldquo;年度人气大赏&rdquo;，因为投他票数的网民最多，故力压一众男星，成为男神中的男神。</p>\\r\\n','','2014-07-05 03:40:18','2014-07-05 03:40:18',0,0),(67,18,'陈妍希暴瘦12斤 谈演\"小龙女\"被骂：很难过(图)','<p><img alt=\\\"\\\" src=\\\"http://news.youth.cn/yl/201407/W020140702423372489617.jpg\\\" /></p>\\r\\n\\r\\n<p>图片来源：台湾&ldquo;联合报&rdquo;</p>\\r\\n\\r\\n<p>　　中新网7月2日电 据台湾&ldquo;联合报&rdquo;消息，陈妍希为时尚杂志《bella侬侬》拍摄封面，展现瘦了6公斤的成果，她坦言演小龙女被批评时很难过，&ldquo;觉得自己表现不好，但压力 是生命中很好的经验课程&hellip;&hellip;这让我学习到，你要知道自己是谁，不要因为外界批评而混淆自己，艺人需要承受很多这样的东西，必须懂得调适&rdquo;。</p>\\r\\n\\r\\n<p>　　陈妍希透露，现在渴望一份危险和冲动的爱情，她笑说：&ldquo;人还是会期待被呵护的感觉，浪漫的童话故事需要时间。我不是在爱情里很主动的人，但若碰到对的人，我会有所表示。冲动也是爱情的一部分，否则太多冷静终究擦不出火花。现在的我，愿意危险一下。&rdquo;</p>\\r\\n\\r\\n<p>　　陈妍希也向往自由自在的生活，&ldquo;身为艺人的工作内容已经很丰富，带我们认识世界很多角落和人，所以私底下我其实很懒，朋友就是固定那一群，吃的餐厅就是那几间。&rdquo;</p>\\r\\n\\r\\n<p>　　最近正在寻觅小窝的她也说：&ldquo;如果没有通告或休息时的后，我就去看房子，找寻最适合我自己的私密小窝。</p>\\r\\n','','2014-07-05 03:40:46','2014-07-05 03:40:46',0,0),(68,18,'林俊杰欲向暗恋对象告白：结婚一定公布','<p><a href=\\\"http://ent.sina.com.cn/y/2014-07-02/07214168163.shtml\\\">原标题: 林俊杰欲向暗恋对象告白：结婚一定公布</a></p>\\r\\n\\r\\n<p>　　新浪娱乐讯 据港台媒体报道 经三次陪榜，林俊杰(JJ)上周六终于获得台湾金曲歌王奖座，他说事业有了里程碑，接下来希望能好好经营感情，松口心里已有个&ldquo;她&rdquo;。是否已向对方表白？他笑说：&ldquo;她知道，但还在观察中，毕竟我在台湾的时间太少， 一切都卡在没时间。&rdquo;也就是说对方是台湾人，他有机会成为台湾女婿。</p>\\r\\n\\r\\n<p>　　据悉该女生是朋友介绍，是圈外人，林俊杰说：&ldquo;不想跟艺人交往，太复杂、压力太大。&rdquo;他还承诺，如果哪天办喜事了，一定会对外公布。不过对方似乎还不知道林俊杰有意告白，林俊杰的经纪人、华纳音乐大中华区总裁陈泽杉挂保证，&ldquo;对方是很好的女孩。&rdquo;</p>\\r\\n\\r\\n<p>　　盼了10年，林俊杰以出道10年的第10张专辑《因你而在》和张震岳缠斗，最后赢在加入Rap元素，他开心地说：&ldquo;其实我很早就Rap，终于熬出来了，让大家接受。&rdquo;</p>\\r\\n\\r\\n<p>　　镀金之路走得漫长，林俊杰一度觉得自己没那个运气，最沮丧的一次是前年的《学不会》专辑，&ldquo;那是第一次用自己工作室的名义制作音乐，没想到一个提名都没有，空虚感很重。&rdquo;下一张专辑他会更大胆尝试新元素，希望今年能推出。</p>\\r\\n\\r\\n<p>　　<strong>戴佩妮婚宴怕被闹场</strong></p>\\r\\n\\r\\n<p>　　香港艺人莫文蔚三年前拿下金曲歌后时，宣布结婚好消息，戴佩妮本届封后，比照办理，透露本来就规划今年注册完婚，笑说二人不爱麻烦，本来没想办婚宴，但身旁好友都想出席：&ldquo;他们觉得我是疯婆子，是要来派对整我，我为什么要让他们得逞。&rdquo;</p>\\r\\n\\r\\n<p>　　今年36岁的戴佩妮跟40岁的西米露(本名卢信江)交往至今，已同居宛如准夫妻。</p>\\r\\n\\r\\n<p>　　戴佩妮被媒体逼急，才表示若有婚宴，会以低调方式告诉大家，不会隐瞒，不过目前仅确认会先注册完婚。谈起求婚过程，她透露西米露是在马来西亚、家人面 前向她求婚，其他细节不多谈。她跟西米露都爱小孩，会不会先有后婚？她坚决地说：&ldquo;我个性传统，一定要结婚才会生小孩，不过我们害怕有小孩失去自由，不生 也可以，顺其自然。&rdquo;</p>\\r\\n','','2014-07-05 03:41:36','2014-07-05 03:41:36',0,0),(69,9,'安倍将组织法律研究组 修改集体自卫权相关法案 ','<p><a href=\\\"http://www.chinanews.com/\\\" target=\\\"_blank\\\">中新网</a>7月2日电 据日本新闻网报道，日本首相官邸2日宣布，将组织一个规模为30人的法律研究小组，准备对实施集体自卫权所需要修改的10余项法案提出修改方案。</p>\\r\\n\\r\\n<p>　　日本首相官邸发表的消息说，这个研究小组将设在国家安全保障局内，由2名内阁官房副长官负责。这30名工作人员将从中央各机关当中抽调，最快从下周开始组建。</p>\\r\\n\\r\\n<p>　　据了解，日本政府希望在今年秋天的国会上能够完成这些法案的修改，以保证集体自卫权的顺利实施。</p>\\r\\n\\r\\n<p>　　负责集体自卫权问题的日本自民党副总裁高村正彦在会见记者时说，内阁通过决议行使集体自卫权，并不意味着马上就能够行使，还需要修改相关的法律，希望通过在国会的讨论，能够加深国民对于集体自卫权的理解。</p>\\r\\n','','2014-07-05 03:42:33','2014-07-05 03:42:33',0,0),(70,9,'肯尼亚首都一货机撞上商务大楼 机上4人全遇难','<p>【环球网综合报道】据美联社7月2日报道，<a href=\\\"http://country.huanqiu.com/kenya\\\" target=\\\"_blank\\\">肯尼亚</a>航空管理局证实，肯尼亚一架福克-50货运飞机2日早晨从首都内罗毕的乔莫&middot;肯雅塔机场起飞后不久撞上一幢商务大楼，机上4人全部死亡。</p>\\r\\n\\r\\n<p>　　报道称，经初步调查，当时飞机上搭载的4人全部死亡，其中包括飞行员及其助理。警方负责人透露，飞机起飞后仍保持着过低的高度，坠毁原因可能是撞上了一个电线杆。(实习编译：欧灵霞&nbsp;审稿：李宗泽)</p>\\r\\n','','2014-07-05 03:42:59','2014-07-05 03:42:59',0,0),(71,9,'伊拉克的战火和中国企业的海外风险','<p>伊拉克的战火和中国企业的海外风险</p>\\r\\n\\r\\n<p>自上月初突然恶化的伊拉克北部局势，令伊拉克战争以来被公认为&ldquo;最大赢家&rdquo;、获得当地众多大项目、大合 同的中国，一时间成为传闻和热议的焦点之一，坚持不懈唱衰中国十多年的美籍华人章家敦抛出了&ldquo;让得利最多的中国去轰炸ISIS&rdquo;的大哉之论，而欧洲媒体上 则有人质疑，中国会否因此从伊拉克战后的最大赢家，变成最大输家。&ldquo;两千多中国石油工人被困无人过问&rdquo;之类小道消息，更一度传得沸沸扬扬。</p>\\r\\n\\r\\n<p>如今消息面已比较明朗：路透社和法国国际广播电台等外媒援引当地消息来源报道称，24日向巴格达撤退受 阻、被困在一处营地等待陆续撤离，并由使领馆人员陪伴的千余名中国员工，并非传说中的&ldquo;石油工人&rdquo;，而是参加伊拉克萨拉哈丁省萨迈拉电站基建工程的中国机 械设备工程股份有限公司伊拉克成套事业部员工。综合各方信息，中国在伊拉克的国企员工逾万人，但在危险区域内的并不多。</p>\\r\\n\\r\\n<p>自2003年伊拉克战后首次石油招标起，中国&ldquo;三桶油&rdquo;就相继试水伊拉克石油产业，其中最大赢家，是和 英国BP联手屡屡斩获大项目的中石油，其经营范围主要集中在南部鲁迈拉一带，处于什叶派控制区并远离战火，中石化通过收购瑞士阿达克斯石油勘探开发公司， 试图进入伊拉克北部库尔德自治区的石油开发市场，却因库尔德自治区和巴格达当局间的矛盾，一度陷于尴尬，中国油企在伊拉克北部基尔库克等地的经营、开发活 动，也因此受到制约和影响。自&ldquo;阿拉伯之春&rdquo;爆发，叙利亚内战加剧以来，伊拉克北部局势持续恶化，大规模战事事实上从今年1月ISIS占领费卢杰等地即以 开始，但伊拉克当局（甚至包括地方许多派系和势力）出于自身利益考量，一直小心翼翼维持石油产业的运转（深陷战区的白吉几经战事，却几乎未曾停工）。有国 内援引海外报道称，中国外交部&ldquo;要求当地使领馆组织加快在28日前撤出驻伊拉克石油项目员工&rdquo;，但核实海外原稿，要求加快撤离的，仍是处于战区等危险地带 的人员、项目，尤其前述水电站项目被困人员。</p>\\r\\n\\r\\n<p>中国国企何以在中东等热点地区，屡屡遭遇看似不相干的风险侵袭？</p>\\r\\n\\r\\n<p>首先，随着中国经济实力的增强，一方面对海外能源、原材料的需求量与日俱增，另一方面，为确保这些资源的开发、输送，及消化巨额外汇储备，开始大量承接、投资海外大型基建项目和基础设施工程。</p>\\r\\n\\r\\n<p>在国际舞台上中国是后来者，风险低、收益大的地区和领域，往往已被工业化国家的企业、资本捷足先得，这 在客观上迫使中国企业、个人另辟蹊径，&ldquo;人弃我取&rdquo;，在诸如战后伊拉克、阿富汗、南北苏丹、埃塞俄比亚欧加登、尼日尔河三角洲等他人不愿插足或撤出的地方 开拓。这些地方往往是机遇多、风险也大，部族、宗教、政治、经济、城乡、贫富，各种矛盾错综复杂，交织缠绕，在这些地方加大&ldquo;进入&rdquo;力度，相应就会增加许 多风险。上世纪90年代，中国国企利用各国对苏丹投资风险顾虑重重、犹豫不决之际，在当地获得投资成功，2003年后的伊拉克石油领域，中国国企又复制了 这种&ldquo;富贵险中求&rdquo;式的成功。</p>\\r\\n\\r\\n<p>这种成功的前提，是当地政局和社会确实恢复稳定，否则就徒然见其险，而不见其富贵，南北苏丹间的摩擦、冲突，曾令中国在当地投资和利益受到波及，而此次伊拉克北部局势的恶化，又直接危及中企及其员工的人身、财产安全。</p>\\r\\n\\r\\n<p>中国海外利益近几年来扩张迅速，而中国维护海外利益的手段、能力，尤其思维、战略的演进，却与实际需要 拉开了距离。尽管几年里，中国相继在诸如利比亚撤侨等非常时刻有所表现，领事保护等工作也得到加强，却仍无法满足&ldquo;热点即时反应&rdquo;的需要，尚难通过政治、 经济、军事、外交、国际合作等综合手段，更全面、更周到地维护热点地区中国国企和国企员工的生命、财产安全，就更不用说通过&ldquo;无声的压力&rdquo;，消弭隐患于无 形了。</p>\\r\\n\\r\\n<p>在具体操作中，国内一些责任部门和某些派驻机构、人员，出于对确保国家战略资源供应稳定的考虑及政治、 经济实际利益的考量，在&ldquo;项目获批&rdquo;和&ldquo;安全确保&rdquo;间，总是把前者放在核心地位，一切都要为项目让路，这样的结果，往往只看见利益，却忽略了风险，使得一 些本可回避的恶性事件最终遗憾发生。一些国企经营者则在项目前期调研中忽视风险，在项目开展过程中也掉以轻心，最终自食恶果。</p>\\r\\n\\r\\n<p>热点地区经营的中国国企有许多特殊习惯，如现金积累多、习惯大量雇用本国职员、喜欢封闭式管理、遇到不 测惯于用钱解决、喜欢走上层路线，等等，这些都让中国企业、员工容易成为各种针对性袭击的目标：现金多易被歹徒觊觎；大量雇用本国职员会被当地人视作抢走 饭碗；封闭式管理容易引发工潮；花钱消灾可能让歹徒把中国人当成&ldquo;储蓄罐&rdquo;、&ldquo;摇钱树&rdquo;，并让其他地区、组织的觊觎者起而效尤；喜欢走上层路线则可能有意 无意地卷入当地矛盾、是非，并被迁怒者当作发泄对象。</p>\\r\\n\\r\\n<p>如果说，类似此前利比亚和此次伊拉克北部的&ldquo;战火中风险&rdquo;更易得到重视，那么另一些&ldquo;没有硝烟的风险&rdquo; 则往往被忽视，而这些风险所造成的国家财产损失，未必在战祸之下。如中铁建在沙特麦加轻轨项目中因成本计算失误等原因，导致至少42亿元的损失。之所以出 现这种&ldquo;没有硝烟的风险&rdquo;，一方面，许多国企和决策者责任心不强，预研不充分（如阿尔及利亚某基建项目，原文120页的标书，中文翻译件竟只剩25页，结 果连最基本的&ldquo;计价标准&rdquo;都搞错，据此提出的投标价自然低得吓人，可以说巨亏从一开始就注定），一味&ldquo;抢单&rdquo;，盲目压低价格，另一方面，某些中国驻外机构 片面将中标、签约当做衡量自身政绩的标准，对隐患、风险视而不见，甚至反感他人提及，最终导致&ldquo;问题项目&rdquo;泛滥。</p>\\r\\n\\r\\n<p>此外，一些国企在同一热点地区的盲目竞争，也造成不必要的风险，此前在苏丹，&ldquo;三桶油&rdquo;盲目竞争就曾给喀土穆当局以渔利之机，而在伊拉克，&ldquo;三桶油&rdquo;在南、北方的各行其是，也一度增添了政治上的被动，和经济上的内耗。</p>\\r\\n\\r\\n<p>尽管ISIS6月30日宣布&ldquo;建国&rdquo;并自封&ldquo;哈里发&rdquo;，但此举恰同时得罪了中东乃至世界上相关各方的利 益，迫使原本各怀心思的各方不得不暂时一致对付这股连&ldquo;基地&rdquo;等极端势力都认为极端的武装力量，随着战事的胶着，ISIS将不得不在控制区内竭泽而渔&ldquo;以 战养战&rdquo;，这将迫使暂时和他们结盟的逊尼派当地部落、势力发生分化。伊拉克政府军有25万人，装备精良，其背后的主要支持者&mdash;&mdash;什叶派在伊拉克是人口多 数，库尔德人虽与巴格达当局矛盾重重，却同样和ISIS的原教旨主义格格不入，从长远看，伊拉克的安全、尤其被视作该国命脉的石油生产安全，未必如想象中 悲观。</p>\\r\\n\\r\\n<p>尽管如此，出于对中国国家海外投资和海外公民生命财产安全的负责，有关方面理应从此次事件中获得更多启示。</p>\\r\\n\\r\\n<p>如果在决策前做足风险评估、市场调查功夫，许多不幸的事件原本可以减轻甚至避免；如果有关方面和个人不 是把能源、利润等要素放在过于突出的地位考量，更客观、更全面地分析投资、作业环境，决定项目取舍，许多灾难原本不应发生。事实上，在民族矛盾尖锐、恐怖 活动和武装冲突频发的热点、焦点地区不顾一切地推进资源开发，在不能得到切实保护的情况下，其结果往往是既牺牲了生命财产、又无法得到想得到的经济利益。</p>\\r\\n\\r\\n<p>如果有关部门能加强对海外相关地区的信息披露、信息管理，完善预警和通报体系，许多企业和个人在决策时 就能多一些参照，少一些盲目；如果海外使领馆、经商处和其它相关机构在信息反馈时能改变片面追求签约率和签约金额的传统思维，在日常工作中多一些责任心和 主动性，许多资金的损失、人员的伤亡都可以得到最大程度的减轻。</p>\\r\\n\\r\\n<p>如果有关企业、个人在海外投资、海外经营中能多一些冷静，少一些冲动；多一些对当地人、当地风俗和法规 的了解、尊重，少一些盲目和自大；多一些依法经营的理念，少一些摸着石头过河的经验主义；多一些大局观、公益观，少一些惟利是图和目光短浅，就能在很大程 度上规避风险、化解反感和积怨，将大多数危机消弭于未然。</p>\\r\\n\\r\\n<p>当然，在危机爆发，热点凸显之际，发挥中国的大国影响力，运用国家机器和政治、外交、经济、军事手段， 最大程度地维护中国海外权益，不但应该，而且必须，但在这方面，事后的应对、补救固然重要，事前的未雨绸缪、预警防范更是关键之关键，避免&ldquo;焦头烂额&rdquo;， 见招拆招、亡羊补牢不过是中策，曲突徙薪、化风险于无形，才是根除对中国海外利益威胁的上上策。</p>\\r\\n','','2014-07-05 03:43:30','2014-07-05 03:43:30',0,0),(72,9,'ISIS发视频挖苦奥巴马：美军士兵尿布够穿吗？','<p><img src=\\\"http://himg2.huanqiu.com/attachment2010/2014/0702/20140702010534405.png\\\" style=\\\"height:275px; width:504px\\\" /></p>\\r\\n\\r\\n<p>一名ISIS战士在视频里问&ldquo;奥巴马是否为士兵准备了足够的尿布&rdquo;(网站截图)</p>\\r\\n\\r\\n<p><img src=\\\"http://himg2.huanqiu.com/attachment2010/2014/0702/20140702010708705.png\\\" style=\\\"height:331px; width:527px\\\" /></p>\\r\\n\\r\\n<p>一名ISIS战士拿着缴获的伊拉克军人的肩章(网站截图)</p>\\r\\n\\r\\n<p>　　据美国《纽约每日新闻报》7月1日报道，恐怖组织&ldquo;伊拉克和黎凡特伊斯兰国&rdquo;(ISIS)的日前发布一段视频，大肆嘲讽美国出兵伊拉克的举动，并出言讽刺美国总统奥巴马：&ldquo;美军士兵的尿布够穿吗？&rdquo;</p>\\r\\n\\r\\n<p>　　该视频题为《赛克斯-皮科协定的终结》(The&nbsp;End&nbsp;of&nbsp;Sykes-Picot)，时长15分钟。《赛克斯-皮科协定》是1916年英 法两国签订的关于伊拉克和叙利亚国界的协定。视频中的讲话者已基本被确定为隶属ISIS的一名&ldquo;伊斯兰圣战 士&rdquo;Chilean&nbsp;Muslim&nbsp;Abu&nbsp;Safiyya。他在视频中指出，这一协议中的国界&ldquo;永不存在&rdquo;。&nbsp;另外，视频中还出现了ISIS与美军交战 时缴获的一辆美军装甲车，而Safiyya面带笑意地站在车前，以英语打趣地说：&ldquo;美国花了那么多钱去打伊斯兰，结果那些钱全到了我们的口袋里。到目前， 美国已经花费了200亿美元。现在美国要破产了，无力再回到伊拉克。美国在伊拉克打输了，美国在阿富汗打输了，如果打叙利亚，美国同样要输。&rdquo;他甚至还在 视频最后放话挖苦奥巴马：&ldquo;美国士兵的尿布还够穿吗？&rdquo;&nbsp;</p>\\r\\n\\r\\n<p>　　此外，Safiyya还对伊拉克武装士兵弃甲逃遁的行为嗤之以鼻，并称其为&ldquo;逃兵&rdquo;、&ldquo;胆小鬼&rdquo;，乖张言行让人不敢恭维。&nbsp;对于这一视频，美国 官方还未发表任何评论。不过，美国国务卿克里近日在接受中国媒体采访时承认，美国入侵伊拉克是&ldquo;严重错误&rdquo;。美国《国际日报》的文章也认为，近期发生在巴 基斯坦和伊拉克的重大恐怖事件，宣告了美国反恐战争的失败。文章称，巴、伊等国的暴恐事件不仅宣告了美国反恐战争的失败，而且也标志着国际恐怖势力已死灰 复燃、东山再起，对世界和平与稳定构成了更大的威胁。&nbsp;</p>\\r\\n','','2014-07-05 03:44:05','2014-07-05 03:44:05',0,0),(73,9,'美国“最帅囚犯”签约经纪公司 报酬3万美元(图) ','<p><img alt=\\\"美国“最帅囚犯”签约经纪公司报酬3万美元（图）\\\" src=\\\"http://www.chinanews.com/gj/2014/07-02/U380P4T8D6343117F107DT20140702140949.jpg\\\" /></p>\\r\\n\\r\\n<p>图为警方公布的杰里米&middot;米克斯的入狱标准照。</p>\\r\\n\\r\\n<p>　　<a href=\\\"http://www.chinanews.com/\\\" target=\\\"_blank\\\">中新网</a>7月2日电 据外媒2日报道，日前因&ldquo;入狱标准像太帅&rdquo;而在网上走红的杰里米&middot;米克斯(Jeremy Meeks)尽管仍在服刑，&ldquo;星路&rdquo;却早已在他面前铺开。由于长相英俊，甚至经纪公司也向其抛出&ldquo;橄榄枝&rdquo;，杰里米已经与其签署合同。</p>\\r\\n\\r\\n<table align=\\\"left\\\" border=\\\"0\\\" cellpadding=\\\"0\\\" cellspacing=\\\"0\\\">\\r\\n	<tbody>\\r\\n		<tr>\\r\\n			<td>&nbsp;</td>\\r\\n		</tr>\\r\\n	</tbody>\\r\\n</table>\\r\\n\\r\\n<p>&nbsp;</p>\\r\\n\\r\\n<p>　　上月18日，杰里米因参与黑帮活动和非法持有武器的指控被捕。在警方发布其入狱标准照后，短时间内竟获得不少&ldquo;点赞&rdquo;，引得大批女粉丝狂热追捧。</p>\\r\\n\\r\\n<p>　　而美国八卦杂志TMZ的消息称，杰里米已经与洛杉矶的一家经纪公司签署了价值3万美元的合同。他还与美国的知名经纪人罗德里格斯签约，并将在出狱后参加真人秀节目。</p>\\r\\n\\r\\n<p>　　而杰里米的律师已经向法庭提请，当杰里米出席庭审时，可以被允许身着便服而不是囚衣。</p>\\r\\n\\r\\n<p>　　然而，要让杰里米出狱并没有那么简单。他的保释金高达90万美元，这份3万美元的合同仅仅是杯水车薪。</p>\\r\\n\\r\\n<p>　　据报道，杰里米目前正等待着非法持有武器的判决。他已经被裁决犯有盗窃罪，并在监狱中度过了两年。</p>\\r\\n','','2014-07-05 03:44:32','2014-07-05 03:44:32',0,0),(74,9,'不满国会无作为 奥巴马宣布单边行动修复移民体系 ','<p><a href=\\\"http://www.chinanews.com/\\\" target=\\\"_blank\\\">中新网</a>7月2日电 据美国《星岛日报》援引美联社报道，面对迟迟无所作为的国会，奥巴马总统6月30日在白宫发表讲话，称将通过单边行动对移民政策作出改革。奥巴马计划将移 民执法重点从内陆转移至偷渡客人数激增的西南边境，加速被捕越境者的递解程序。奥巴马还要求国安部长约翰逊和司法部长霍尔德提议&ldquo;可在最大程度上修复移民 体系&rdquo;的行政措施。</p>\\r\\n\\r\\n<table align=\\\"left\\\" border=\\\"0\\\" cellpadding=\\\"0\\\" cellspacing=\\\"0\\\">\\r\\n	<tbody>\\r\\n		<tr>\\r\\n			<td>&nbsp;</td>\\r\\n		</tr>\\r\\n	</tbody>\\r\\n</table>\\r\\n\\r\\n<p>&nbsp;</p>\\r\\n\\r\\n<p>　　奥巴马说，之所以决定单边行动是由于众院议长博纳上周正式向他表示，众院今年不会对任何移改案进行表决。奥巴马批评说，他已给众院1年多的时间协商及起草议案，但博纳在目前两党有足够多的票数通过移改的情况下，仍拒绝行动。</p>\\r\\n\\r\\n<p>　　奥巴马说，鉴于正在从西南边境源源涌入的数千名独自闯关的未成年人这一危机，白宫和国会必须摒弃争斗，立即采取行动。奥巴马说，他已在当天致函国会领导人，要求授予更大的权限，以更有效递解新近被捕的来自中美洲的越境者，并对偷渡组织者加以严惩。</p>\\r\\n\\r\\n<p>　　奥巴马说，已要求国安部长约翰逊和司法部长霍尔德在夏季结束前，向他提交无需国会批准的行政措施，以&ldquo;从最大程度上修复移民体系&rdquo;。</p>\\r\\n','','2014-07-05 03:44:58','2014-07-05 03:44:58',0,0),(75,9,'白宫向工作人员发3780万美元年薪 人均逾8万美元','<p>据《纽约每日新闻报》7月1日报道，日前，美国白宫向在此工作的456名工作人员发放了高达3780万美元的年薪。其中22人，每人年薪就高达17.22万美元，但这并不包括该国总统奥巴马和副总统拜登。</p>\\r\\n\\r\\n<p>　　此次拿到薪水的工作人员包括速记员、顶尖的顾问，人均年薪为8.2844万美元。当然，根据职能的不同，薪水的差距也是巨大的。有22人的年薪 为17.22万美元，他们包括高级顾问瓦莱丽&bull;贾勒特、约翰&nbsp;&bull;&nbsp;普德斯塔、现任白宫幕僚长丹尼斯&bull;麦克多诺、白宫发言人乔希&bull;欧内斯特等。</p>\\r\\n\\r\\n<p>　　据了解，在白宫工作，中等收入年薪为7.077万美元，最低为4.2万美元。</p>\\r\\n','','2014-07-05 03:45:27','2014-07-05 03:45:27',0,0),(76,9,'英国出动14人为百年灯塔换掉两吨重旧灯泡(图)','<p>据台湾&ldquo;中广新闻网&rdquo;2日报道，英国最近出动了14人和一架直升机去换一盏灯泡。不是浪费人力也不是摆排场，而是因为他们换的是一个两吨重的<a href=\\\"http://www.jfdaily.com/guoji/new/201407/t20140702_508571.html#%22\\\" target=\\\"_blank\\\">灯塔</a>灯泡。位在北韦尔斯外海巴西岛上的灯塔高33米，大约十层楼高。</p>\\r\\n\\r\\n<p><img alt=\\\"英国出动14人为百年灯塔换掉两吨重旧灯泡（图）\\\" src=\\\"http://images.jfdaily.com/jiefang/guoji/new/201407/W020140702518198787750.jpg\\\" /></p>\\r\\n\\r\\n<p>左图为这座百年灯塔，右图为更换下来的两吨重的旧灯泡。</p>\\r\\n\\r\\n<p>中新网7月2日电 据台湾&ldquo;中广新闻网&rdquo;2日报道，英国最近出动了14人和一架<a href=\\\"http://www.jfdaily.com/guoji/new/201407/t20140702_508571.html#%22\\\" target=\\\"_blank\\\">直升机</a>去换一盏灯泡。不过，不是浪费人力也不是摆排场，而是因为他们换的是一个两吨重的灯塔灯泡。</p>\\r\\n\\r\\n<p>位在北韦尔斯外海巴西岛上的灯塔高33米，大约十层楼高。灯塔照明为人们指路已超过百年，但却是第一次<a href=\\\"http://www.jfdaily.com/guoji/new/201407/t20140702_508571.html#%22\\\" target=\\\"_blank\\\">换灯泡</a>。</p>\\r\\n\\r\\n<p>负责换灯行动的&ldquo;<a href=\\\"http://www.jfdaily.com/guoji/new/201407/t20140702_508571.html#%22\\\" target=\\\"_blank\\\">英国文化</a>环境信托组织&rdquo;说，他们出动了四名工作人员配合三名灯塔组织成员、两名包工、两名工程师，再加上直升机上的三名机组员，一共14人，加上一架直升机一起，把旧灯泡转开，吊起，送到附近&ldquo;文化环境信托组织&rdquo;博物馆，再把新灯泡换上。</p>\\r\\n','','2014-07-05 03:45:48','2014-07-05 03:45:48',0,0),(77,9,'与大师共荣的英国院士——皇家学会会员','<p>英国能在第一次工业革命中占得先机，成为当时的世界头号强国，离不开长期以来对科学及科学家的重视和尊重。 整个皇家学会的领导机构是理事会，共有21名理事，每年要通过选举改选其中10名，且所有理事不得连任两年以上，皇家学会会长的任期不得超过5年。</p>\\r\\n\\r\\n<p>新华网伦敦7月1日电（记者刘石磊）英国能在第一次工业革命中占得先机，成为当时的世界头号强国，离不开长期以来对科学及科学家的重视和尊重。历史最悠久的科学院级机构&mdash;&mdash;<a href=\\\"http://www.jfdaily.com/guoji/new/201407/t20140702_508158.html#%22\\\" target=\\\"_blank\\\">英国皇家学会</a>就充分体现了这一点。</p>\\r\\n\\r\\n<p>英国皇家学会成立于1660年，是英国最权威的学术机构，牛顿等著名科学家曾担任皇家学会会长。诺贝尔奖设立百余年来，共有80余名<a href=\\\"http://www.jfdaily.com/guoji/new/201407/t20140702_508158.html#%22\\\" target=\\\"_blank\\\">皇家学会会员</a>获奖。如今的皇家学会共有约1500名会员，其中不乏物理学家霍金、生物化学家保罗&middot;纳斯等学界泰斗。因此成为&ldquo;皇家学会会员&rdquo;是一种极高荣誉，且为终身荣誉。</p>\\r\\n\\r\\n<p>这一学会本身具有很高的独立性，不对任何政府部门直接负责，但又与政府关系密切。比如其某些科研活动可以接受政府部门资助，同时就国家科技发展等重大事宜为政府提供咨询服务。</p>\\r\\n\\r\\n<p>要进入这座英国科学界的&ldquo;顶级殿堂&rdquo;可没那么容易。在每年约700名候选人中，每名候选人都需至少6名现有会员推荐。</p>\\r\\n\\r\\n<p>学会通常在3月份召开选举年会，讨论新增会员等事宜。根据学会章程，每年最多新增52名会员，新增外籍会员一般不超过10名。</p>\\r\\n\\r\\n<p>不过，&ldquo;会员&rdquo;称号更多地只是一种荣誉，代表了学界对其已有成就的肯定，在经济上不会获得更多&ldquo;优厚待遇&rdquo;。</p>\\r\\n\\r\\n<p>整个皇家学会的领导机构是理事会，共有21名理事，每年要通过选举改选其中10名，且所有理事不得连任两年以上，皇家学会会长的任期不得超过5年。</p>\\r\\n','','2014-07-05 03:46:08','2014-07-05 03:46:08',0,0),(78,9,'哈利·波特拍摄基地将扩建 ','<p>新华网伦敦７月１日电（记者夏晓）据英国广播公司（ＢＢＣ）报道，《哈利&middot;波特》系列电影的主要拍摄地、位于英格兰东南部的利维斯登制片厂将进行扩建。</p>\\r\\n\\r\\n<p>&nbsp;&nbsp;&nbsp;&nbsp;报道称，隶属美国华纳兄弟电影公司的利维斯登制片厂将着手修建３个新的有声摄影棚。该制片厂曾出产过众多广受影迷喜爱的影片，包括《哈利&middot;波特》系列电影、《星球大战Ｉ》《断头谷》《黑暗骑士》《大侦探福尔摩斯》等。</p>\\r\\n\\r\\n<p>&nbsp;&nbsp;&nbsp;&nbsp;目前，新版《人猿泰山》正在该片场拍摄。该片由澳大利亚９０后女星玛戈特&middot;罗比和好莱坞实力派男星塞缪尔&middot;杰克逊共同出演。</p>\\r\\n\\r\\n<p>&nbsp;&nbsp;&nbsp;&nbsp;华纳兄弟公司首席执行官凯文&middot;特苏哈拉说：&ldquo;华纳公司通过与英国人员合作，在英国生产出很多广受欢迎和成功的电影。利维斯登制片厂的扩建将允许我们在未来挖掘出更多世界级的创意和创新，从而延续这里生产优秀影片的传统。&rdquo;</p>\\r\\n\\r\\n<p>&nbsp;&nbsp;&nbsp;&nbsp;英国文化、媒体与体育大臣赛义德&middot;贾维德说，多年来，英国一直走在创意产业的最前沿。他支持发展电影产业，这既可以发展英国文化，也能够促进英国经济的长期发展。</p>\\r\\n','','2014-07-05 03:46:27','2014-07-05 03:46:27',0,0),(79,9,'英国旧风琴中发现古老三明治 距今118年保存完好','<p><img src=\\\"http://pic.nen.com.cn/0/12/90/13/12901390_998491.jpg\\\" style=\\\"height:304px; width:419px\\\" /></p>\\r\\n\\r\\n<p>　　英国旧风琴中发现古老三明治，距今118年保存完好。</p>\\r\\n\\r\\n<p>　　据英国《每日邮报》7月1日报道，英国兰开夏郡伯恩利(Burnley)市帕迪厄姆路卫理公会教堂一名风琴手日前在一架老风琴中发现保存完好的三明治，距今已经有118年历史。</p>\\r\\n\\r\\n<p>　　三明治被纸袋包着，被密封在1896年制造的风琴中，可能是当时工人的午餐，里面还夹有奶酪。近日这架风琴即将被拆卸出售零件时，教堂风琴手凯斯&middot;亚茨(Kath Yates)发现了里面的三明治，旁边还有一份1896年的地方报纸。</p>\\r\\n\\r\\n<p>　　亚茨的丈夫彼得(Peter)也是教堂财产经理人，他说：&ldquo;这份三明治保存得非常好，肯定是风琴制造工人午餐留下的。我能想象到他们边吃三明治边读报纸的情形，或许三明治里还有大块奶酪。三明治被留在风琴音响调节箱中，里面还散发着松木的好闻气味。&rdquo;</p>\\r\\n\\r\\n<p>　　教堂中两架手工机械管风琴已经在易趣网上拍卖，德国买家出资1700英镑(约合人民币18068元)。发现三明治的风琴亚茨已经弹奏了30多年，最初属于克莱尔蒙特卫理公会教堂，其后该教堂与伯恩利教堂合并。</p>\\r\\n\\r\\n<p>　　这些风琴出售的资金用于教堂翻新工程。彼得说：&ldquo;风琴做工精细，我们会想念它，但我们必须向前看。我们想要展示剪报，但担心三明治变质，已将它从风琴中移出。&rdquo;</p>\\r\\n','','2014-07-05 03:46:56','2014-07-05 03:46:56',0,0),(80,9,'阿富汗喀布尔遭自杀式袭击导致5名士兵丧生 ','<p>&nbsp;&nbsp;新华网喀布尔７月２日电（记者陈汉琪　仇博）阿富汗安全人员２日说，阿富汗首都喀布尔当天早上发生一起爆炸，造成５名士兵死亡、至少９人受伤。</p>\\r\\n\\r\\n<p>&nbsp;&nbsp;&nbsp;&nbsp;一名不愿透露姓名的阿富汗安全人员２日在喀布尔大学附近的爆炸现场对新华社记者说，一名自杀式袭击者当天早晨驾驶装有爆炸物的汽车冲向一辆载有阿富汗军人的客车并引爆车上炸药。</p>\\r\\n\\r\\n<p>&nbsp;&nbsp;&nbsp;&nbsp;这名安全人员说，&ldquo;爆炸造成５名士兵当场丧生、４名士兵受伤，另有５名路人受伤。袭击者本人也在爆炸中死亡。&rdquo;</p>\\r\\n\\r\\n<p>&nbsp;&nbsp;&nbsp;&nbsp;目前，尚无任何组织宣称制造了这一袭击事件。</p>\\r\\n\\r\\n<p>&nbsp;&nbsp;&nbsp;&nbsp;阿富汗国内安全局势近来面临严峻挑战。阿富汗塔利班先前声称，将发动针对外国机构和本国政府的攻势，所有外国军队、帮助外国人的阿富汗人均为打击目标，阿富汗政府高级官员、安全人员、法官等也是他们袭击的对象。</p>\\r\\n','','2014-07-05 03:47:15','2014-07-05 03:47:15',0,0),(81,17,'阿根廷难进决赛 梅西不如沙里奇','<blockquote>摘要 : 世界杯8强预测对了7强，哥斯达黎加的确是没想到。那么4强呢？梅西的阿根廷还能走多远，论表现还不如上届，4强也就是到头了。</blockquote>\\r\\n\\r\\n<p>比赛前，有朋友买足彩问我意见。我说比利时、阿根廷要吃苦头，90分钟内肯定是拿不下比赛的。</p>\\r\\n\\r\\n<p>几个朋友是梅西粉，那各种的不服气。</p>\\r\\n\\r\\n<p>各种梅球王天神下凡的说法。今天一看群里的聊天记录，又是各种梅球王神勇无比的段子。</p>\\r\\n\\r\\n<p>一问足彩，都是按照我的推荐下的注。</p>\\r\\n\\r\\n<p>让我很欣慰，又让我很无奈。你们这些煤球王的粉丝，越来越像郭敬明的粉丝了。</p>\\r\\n\\r\\n<p>世界杯8强，除了哥斯达黎加，我都预测对了。本来以为那个位置可能是日本的。日本人不争气，11打10 拿不下比利时，国际足联已经够给面子了。足球的乐趣就在于它可以预测，又难以预测，想到了意大利小组不出线，没想到是哥斯达黎加出线了。想到了西班牙进不 了8强，没想到连16强都进不了。</p>\\r\\n\\r\\n<p>比较明显的重大失误就是高估了日本，低估了墨西哥。</p>\\r\\n\\r\\n<p>阿尔及利亚？阿尔及利亚对德国的时候，我果断地买了阿尔及利亚90分钟不败。没有诺伊尔，勒夫早回家了。</p>\\r\\n\\r\\n<p>就拿对瑞士的比赛来说，阿根廷赢在哪里？瑞士输在哪里？</p>\\r\\n\\r\\n<p>只是纯爷们儿的队伍缺少了一些运气。</p>\\r\\n\\r\\n<p>他们只是输掉了比分，但是却没有输掉比赛。</p>\\r\\n\\r\\n<p>赛前有人将此役比作是阿根廷梅西大战瑞士梅西。</p>\\r\\n\\r\\n<p><img src=\\\"http://c.hiphotos.baidu.com/news/w%3D638/sign=91be122db54543a9f51bf9cf26158a7b/1e30e924b899a9016eaf97ef1f950a7b0308f555.jpg\\\" /></p>\\r\\n\\r\\n<p><img src=\\\"http://f.hiphotos.baidu.com/news/w%3D638/sign=9f62bef9bb12c8fcb4f3f5cec40192b4/9f510fb30f2442a734da317cd343ad4bd0130217.jpg\\\" /></p>\\r\\n\\r\\n<p>一个是依靠科技，反自然生长的世界级球星；另一个是依靠自然生长和&ldquo;肌肉型家族遗传&rdquo;。</p>\\r\\n\\r\\n<p><img src=\\\"http://g.hiphotos.baidu.com/news/w%3D638/sign=a4c836151c178a82ce3c7ca3ce01737f/4d086e061d950a7b24e6821d08d162d9f3d3c91c.jpg\\\" /></p>\\r\\n\\r\\n<p>俩人的技术特点确实有些相似：在刚刚出道的时候，梅 西更多的是在边路活动。在黑天鹅里杰卡尔德时期，梅西是一个突破型右边锋。除了因为当时的拉影有着埃托奥和亨利这种超级中锋外，梅西的身高成为了限制他在 中路活动的最大劣势。但是瓜迪奥拉带来一种全新的足球战术&mdash;&mdash;伪娘足球，成功的把梅西从边路带向中间。被改造成伪中锋的梅西，恰恰是这种战术最佳的受益 者。因为如果离开拉影，梅西将一无是处，只能被人当做是一个矮一些罗本；而他的队友们，哈维、伊涅斯塔哪怕离开了巴萨，也会是世界级的中场。这就是为什么 国家队的梅西和拉影的梅西是两个人，一点都不奇怪。</p>\\r\\n\\r\\n<p><img src=\\\"http://b.hiphotos.baidu.com/news/w%3D638/sign=a85c320674094b36db9218ee9bce7c00/f2deb48f8c5494ee69eec3c02ff5e0fe98257e1f.jpg\\\" /></p>\\r\\n\\r\\n<p>沙奇里被称为瑞士梅西的原因，我相信更多的是因为他 犀利的突破和盘带。传统上的拜仁带有德国足球的血统，马里奥戈麦斯的支点和两翼齐飞的里贝里、罗本组合更像是德国的进攻线。当年沙奇里加入拜仁很大程度上 是作为两翼齐飞战术的球员储备。海因克斯走后，瓜迪奥拉或许会把他改造成为下一个梅球王。</p>\\r\\n\\r\\n<p>但我觉得希望不太大。</p>\\r\\n\\r\\n<p><img src=\\\"http://h.hiphotos.baidu.com/news/w%3D638/sign=55785ff7aad3fd1f3609a139084c25ce/d53f8794a4c27d1e05e8f71d19d5ad6edcc43819.jpg\\\" /></p>\\r\\n\\r\\n<p>沙奇里的大腿周长1500px。1500px是什么 概念？举个例子，巴西传奇卡洛斯一向以大腿肌肉著称，他的大腿周长为1462.5px，沙奇里的大腿比卡洛斯还粗。小腿周长对比上，沙奇里也以 1037.5px对1025px的数据胜出。沙奇里的身体也属于矮小强壮型，沙奇里身高4225px，体重高达72公斤。</p>\\r\\n\\r\\n<p><img src=\\\"http://h.hiphotos.baidu.com/news/w%3D638/sign=d31acf13e4cd7b89e96c398037254291/cefc1e178a82b9014d8d0cea718da9773812efc3.jpg\\\" /></p>\\r\\n\\r\\n<p>而球王身高4225px，体重只有62公斤。</p>\\r\\n\\r\\n<p>胖20斤肉的梅西，冲击力更强的梅西。</p>\\r\\n\\r\\n<p><img src=\\\"http://a.hiphotos.baidu.com/news/w%3D638/sign=206e8c2fa5efce1bea2bcbc99750f3e8/cdbf6c81800a19d80cbf4bdc31fa828ba71e46af.jpg\\\" /></p>\\r\\n\\r\\n<p>你们是媒体是在逗我吗？</p>\\r\\n\\r\\n<p>这分明是矮版的瑞士鲁尼好不好？！</p>\\r\\n\\r\\n<p><img src=\\\"http://b.hiphotos.baidu.com/news/w%3D638/sign=be855b6285d6277fe912313b10391f63/279759ee3d6d55fb8b7fb9ff6f224f4a21a4ddaa.jpg\\\" /></p>\\r\\n\\r\\n<p>从FIFA最后给出的数据来看，俩人在本场的技术表现差异也很大。</p>\\r\\n\\r\\n<p>煤球王的：</p>\\r\\n\\r\\n<p><img src=\\\"http://d.hiphotos.baidu.com/news/w%3D638/sign=7d9c67fffffaaf5184e382bcb45594ed/18d8bc3eb13533fa310c5cf7aad3fd1f40345bb5.jpg\\\" /></p>\\r\\n\\r\\n<p>瑞士梅西的：</p>\\r\\n\\r\\n<p><img src=\\\"http://f.hiphotos.baidu.com/news/w%3D638/sign=510b2bb1cebf6c81f7372feb843fb1d7/738b4710b912c8fc0e473914fe039245d78821b7.jpg\\\" /></p>\\r\\n\\r\\n<p>梅西多在中前场活动，更多的是一个攻击者的角色。全场比赛10702 米的跑动也更像是一个前锋的数据。</p>\\r\\n\\r\\n<p>相对来说，沙奇里则更像是一个攻击型中场，由守转攻的节拍器。14584米的跑动，却和梅西有着几乎一样的传球数量。</p>\\r\\n\\r\\n<p>不是因为梅西传的多，而是因为61%-39%的控球，561-313的传球。</p>\\r\\n\\r\\n<p>跑的少是有好处的。你看118分钟那次反击，除了球王谁能跑的和风一样。虽然沙奇里在本场中的急速甚至快过球王：28.7对27.6千米每小时。</p>\\r\\n\\r\\n<p><strong>不是梅球王速度快，是因为梅球王跑的少。</strong></p>\\r\\n\\r\\n<p>不只是梅球王减少了跑动，全阿根廷的球员跑动总和也是少于瑞士的。阿根廷通过大量的中长传试图寻找瑞士的空档，从技术分析的角度来说比防反的球队还防反。可是最大的问题在于：和打防反的球队比，你是不是控球有点多？</p>\\r\\n\\r\\n<p>和打控制的球队相比，你是不是中长传有点多？</p>\\r\\n\\r\\n<p>问题是如果先丢了球，如果遇到了梅西也必须奔跑、防守的时候，梅西还有神奇的时刻吗？</p>\\r\\n\\r\\n<p>我不是C罗粉，C罗也没有那么神奇，但是C罗更接近传统意义上的好球员，他接近于一个更加职业的贝斯特。有人说C罗靠爆发力、身体吃饭，将来一旦年纪大了就会走下坡路，而靠敏捷、技术吃饭的梅西不同。</p>\\r\\n\\r\\n<p>首先，这话以前是用来说罗纳尔多的，这么说C罗，我觉得是高看C罗了。而且罗纳尔多后来跑不动了，拖个大肚子一样在场上威风八面。</p>\\r\\n\\r\\n<p>其次，原来年纪大了，敏捷度是不受影响的。现在的梅西在场上已经是32岁球员的踢法了。不用说和C罗相比了，和小罗相比，他都会下降的更快。</p>\\r\\n\\r\\n<p>这支阿根廷还不如上一届阿根廷，不过是手气更好一点，半决赛遇到荷兰的时候，会如同上一届8进4遇到德国的时候。</p>\\r\\n\\r\\n<p>不说别的了，再回顾一下，世界杯开赛前，8强我预测对了7席，4强的预测是巴法荷阿，预测西班牙、意大 利进不了8强，还算靠谱吧：）其实写球评就是个乐子，你喷不喷我，我都不在意，但是很多人基本上不怎么看球，就自觉的自己是资深球迷，的确很让人意外。这 就和许多人根本不读书，却以为郭敬明是最好的作家一样的。</p>\\r\\n\\r\\n<p>梅西是名好球员，但是他相比于马拉多纳差得远，阿根廷没有组织、没有整体，完全靠球星灵光一现，4强就是极限了。</p>\\r\\n','','2014-07-05 03:48:18','2014-07-07 04:02:57',0,0),(82,17,'不打加时赛，不好意思说八强','<blockquote>摘要 : 随 着比利时加时赛2比1淘汰美国，1/8决赛落下帷幕，2014巴西世界额比八强全部产生。8场比赛，有5场打了加时赛，占比62.5%。没打加时赛，都不 好意思说进了八强。改编诗人海子的一句话就是：各位，今夜我不关心世界杯，我只看加时赛。忠于加时赛，就是忠于一种格调。</blockquote>\\r\\n\\r\\n<p><img src=\\\"http://d.hiphotos.baidu.com/news/crop%3D2%2C21%2C543%2C326%3Bw%3D638/sign=bcf0474ddb33c895b231c23bec215fc2/241f95cad1c8a7867ac37ad46509c93d71cf507a.jpg\\\" /></p>\\r\\n\\r\\n<p>不打加时赛，不好意思说八强</p>\\r\\n\\r\\n<p>随着比利时加时赛2比1淘汰美国，1/8决赛落下帷幕，2014巴西世界额比八强全部产生。8场比赛，有5场打了加时赛，占比62.5%。没打加时赛，都不好意思说进了八强。</p>\\r\\n\\r\\n<p><strong>改编诗人海子的一句话就是：各位，今夜我不关心世界杯，我只看加时赛。忠于加时赛，就是忠于一种格调。</strong></p>\\r\\n\\r\\n<p>这可能是史上最强悍的8场淘汰赛。每一场比赛的胜者都打得如此艰苦卓绝，每一支回家的球队，都像是骁勇善战的使者。赢者，暗自庆幸；输者，昂首挺胸。</p>\\r\\n\\r\\n<p>我们不得不承认，这8场比赛演绎得真有创意，打得真有勇气。出局的智利、墨西哥、尼日利亚、阿尔及利亚、美国、希腊、乌拉圭、瑞士，没有一支球队跪在地上，以衬托胜利者的高大。他们阐释了什么才是真正的&ldquo;虽败犹荣&rdquo;，以此赢得尊严，获得尊重。</p>\\r\\n\\r\\n<p>看看阿尔及利亚、瑞士、墨西哥、智利的表现，就会明白什么是&ldquo;惊为天人&rdquo;。如果把他们比喻做女人，肯定是&ldquo;回眸一笑百媚生，万千粉黛无颜色&rdquo;。真的，他们打得无比缠绵，而又如此妖娆。</p>\\r\\n\\r\\n<p><strong>在他们回家的时候，我们甚至会发现冠军一样的背影。比如说墨西哥、智利，甚至还有瑞士。那一幕幕的离愁，纷飞了眼泪，凄美了告别，苍老了岁月，凋谢了容颜。</strong></p>\\r\\n\\r\\n<p>是5场加时赛，让本届世界杯陡增了悲剧色彩；是5场加时赛，让本届世界杯变得更有悬念更有激情；是5场加时赛，让你看到了&ldquo;敢同魔鬼争高下，不向霸王让寸分&rdquo;的波澜壮阔的画面。</p>\\r\\n\\r\\n<p><strong>这一次，我可以用肯定的语气说：8支出局尤其是在加时赛或者点球大战中被淘汰的5支球队，当真用了世上最&ldquo;MAN&rdquo;的姿态，做了最壮丽的告别。这样的场景，比任何教科书上的励志故事都更加伟岸。</strong></p>\\r\\n\\r\\n<p>当我们沉浸在加时赛跌宕起伏的剧情中时，有必要说一下阿根廷这支&ldquo;梅西队&rdquo;。今晨，阿根廷的英雄不是 &ldquo;球霸&rdquo;梅西，而是7号迪玛利亚。皇马中场在120分钟的时间里，不惜体力，左冲右突，最终在第118分钟接梅西的传球，轻灵地一射，打破了贝纳利奥把守 的大门，击穿了瑞士队的心脏，击退了这支世界排名第六的虎狼之师。</p>\\r\\n\\r\\n<p>他是阿根廷的MVP。</p>\\r\\n\\r\\n<p><strong>迪玛利亚的进球，来自梅西的助攻。但是，进球的永远是红花，助攻的是绿叶。我们不能虚伪地把功劳全部记在梅西的身上，更不能无耻地说是梅西拯救了阿根廷云云。</strong></p>\\r\\n\\r\\n<p>客观地说，在第118分钟助攻迪玛利亚之前，梅西一如前三场小组赛，大部分时间在悠闲地踱步，一脸严肃地思考人生，有点&ldquo;宠辱不惊，闲看庭前花开花落&rdquo;的感觉。</p>\\r\\n\\r\\n<p><img src=\\\"http://b.hiphotos.baidu.com/news/w%3D638/sign=78f53610808ba61edfeecb2c793697cc/9345d688d43f87946d0278f4d01b0ef41ad53a6e.jpg\\\" /></p>\\r\\n\\r\\n<p>在这样的一种情景剧中，梅西让人很虐心。因为，喜欢梅西的人，都想看到他狂妄而华美的表演，都想欣赏他马踏联营的突破，都想目睹他精准的射门进球，都想看到一个无所不能的&ldquo;马拉多纳接班人&rdquo;的诞生。从这些因素讲，梅西让大家失望了。</p>\\r\\n\\r\\n<p>他好像喜欢上了在大家失望甚至绝望的时候，抽冷子来一记犀利的投枪。就像是他在小组赛三场比赛中的表演一样，偶尔的爆发，就让对手没了得寸进尺的幻想。</p>\\r\\n','','2014-07-05 03:48:48','2014-07-05 03:48:48',0,0),(83,9,'史上最棒一届世界杯 好戏才刚上演','<blockquote>摘要 : 当本届世界杯已经步入淘汰赛阶段，我们依然不难发现，相关比赛进程放在当下这个时代可以视为相当精彩，其实自小组赛以来就是这样，一些欧洲传统豪门首轮折戟早早出局，存活下来的球队也经历了九死一生，这无疑是一届美妙的世界杯。</blockquote>\\r\\n\\r\\n<p>当本届世界杯已经步入淘汰赛阶段，我们依然不难发现，相关比赛进程放在当下这个时代可以视为相当精彩，其实自小组赛以来就是这样，一些欧洲传统豪门首轮折戟早早出局，存活下来的球队也经历了九死一生，这无疑是一届美妙的世界杯。</p>\\r\\n\\r\\n<p>上周的赛场出现了一些颇具谈资的事件，首当其冲的就是苏亚雷斯咬人，以及加纳球员因不满奖金闹内讧，他们的球员甚至险些跟足协官员干仗，如今国际足联正在调查巴西对阵智利的上半场，尽管这一切事情都已经发生，但仍然无碍比赛继续。</p>\\r\\n\\r\\n<p>牙尖上的花火</p>\\r\\n\\r\\n<p>如今正在发生的一件事情显得极为愚蠢，苏亚雷斯咬人就是最新一例，他的行为无法解释，而一直以来，乌拉 圭足球为了取胜总是不惜一切代价，他们显然不屑于&ldquo;美丽的比赛&rdquo;，苏亚雷斯无疑诠释了这种概念。马丁-阿吉雷依然在为他们的做法在进行辩解，产生这种心态 是基于他们是被足球巨人包围着的一个小国，为了赢得胜利，他们会尽一切努力，因此苏亚雷斯在这个国家就犹如英雄般存在。然而，如今不争事实却是，他的做法 不可能帮助乌拉圭继续前进，在他收到禁令之际，一项数据就此呈现，过去三年期间，他已经由于类似行为被禁赛多达34场，对他与其所在俱乐部的接下来这个赛 季来说，这显然不算什么福音。</p>\\r\\n\\r\\n<p>抱歉，英格兰</p>\\r\\n\\r\\n<p>苏亚雷斯犯浑算是给英格兰解了围，英格兰对阵哥斯达黎加在媒体那里的关注度不及他咬人，哪怕英格兰踢出 了史上最差的一届世界杯。早在英格兰踏上征程之前，媒体就普遍看衰其前景，当球队果然提前确定出局以后，这样的冲击相反倒不算太大，无外乎就是将帅受到指 责。这令人沮丧，而且可以认定，三狮军团显然还不够杰出。</p>\\r\\n\\r\\n<p>尽管总有一种观点，英格兰球员摆不上台面，但同时不能否认的是，他们在其所属俱乐部的成就无法被复刻，这个国家始终都在激烈讨论这个问题，杰拉德在对阵乌拉圭时的表现就是有力佐证，谁也不难看到，西班牙媒体《阿斯报》赛后甚至都懒得给他亮分。</p>\\r\\n\\r\\n<p>杰拉德身上发生的事情或许只是一件意外，他其实从来就没跟英格兰合拍，而且他也不是唯一例子。难不成乌 拉圭与哥斯达黎加的球员比英格兰球员更好？更有可能的结论是，英格兰始终没有将球员捏合成一个团队，战术体系亦跟球员特点并不兼容。当看到兰帕德与杰拉德 再度携手亮相英格兰的中场（希望这是最后一次），这样的问题就更是凸显无疑。我们需要在正确的时间内来重建球队，并寄希望于罗斯-巴克利、卢克-肖这样的 年轻才俊帮助我们从欧预赛杀出重围。</p>\\r\\n\\r\\n<p>社交媒体首次在世界杯大放光彩</p>\\r\\n\\r\\n<p>根据数据显示，在社交媒体上，本届世界杯的关注度高于超级碗、奥斯卡颁奖与奥运会，在可以预见的未来， 关注度还会持续上升。当苏亚雷斯在乌拉圭对阵意大利的比赛里十分滑稽地咬人以后，社交媒体上对于此事的讨论犹如井喷，全世界的球迷都在参与恶搞，阿迪达斯 矗立在里约的广告牌前，人们都在拿苏亚雷斯开涮，数百人模仿他的咬人动作。</p>\\r\\n\\r\\n<p>媒体观察</p>\\r\\n\\r\\n<p>有一个挺有趣的插曲必须得提及一下，对于我们这些远在伦敦通过电视观看世界杯直播的人来说，两大电视台 的竞争让球迷成为了牺牲品，ITV糟糕的直播在世界杯伊始就已经发生，请来卡纳瓦罗与维埃拉这样的评球嘉宾简直是白瞎了，他们的工作间简直烂到不行，甚至 都已经千疮百孔了。</p>\\r\\n\\r\\n<p>BBC何尝没有自身的问题，菲尔-内维尔得到首次解说世界杯的机会，他足够努力，但表现委实糟糕，甚至 在社交媒体上成为嘲讽对象，多达500次的投诉是前所未有的，这无疑让人感到沮丧。BBC虽说肯定获利，但英国足球人对于比赛的解读却实在太差，至少远逊 于亨利与西多夫，他们的解说延续了其一贯的高水准。</p>\\r\\n\\r\\n<p>足球引爆美国</p>\\r\\n\\r\\n<p>美国战平葡萄牙一役，观看电视直播的美国观众多达2470万人，这创下全美足球比赛收视纪录，你得知 道，NBA总决赛最近一场比赛的全美收视率也不过1800万人，职棒大联盟的收视率才接近1500万人，橄榄球联盟季后赛收视率在2000万人左右。你还 得知道，有近10万的美国球迷前往巴西，由此看来，足球终于在美国扎根。当然，并非所有美国人都买世界杯的帐，右翼政客安-科尔特就于上周在她的博客中写 道：&ldquo;任何对足球的兴趣越来越大的民族都只能被视为价值观已经坍塌。&rdquo;她向来喜欢指责移民政策，以及反感自由媒体传播足球这项运动，她将其视为邪恶。科尔 特显然不太喜欢足球，在她看来，这是一项&ldquo;无法展现个人主义&rdquo;的运动，但这不是问题，她反感她的，而她只是一个外国人。对她来说看起来有些不幸的是，她在 参与的看起来就像一场必败的战争。</p>\\r\\n','','2014-07-05 03:49:12','2014-07-05 03:49:12',0,0),(84,9,'世界杯加时赛频出 彩民血本无归？','<blockquote>摘要 : 2014巴西世界杯的到来，火了不少买卖。这当中既捧红了饭馆餐厅的&ldquo;花毛一体&rdquo;和&ldquo;麻辣小龙虾&rdquo;，也令&ldquo;啤酒和撸串&rdquo;成为炙手可热的必点项目。然而与这些比起来，足彩似乎才是最大的赢家。</blockquote>\\r\\n\\r\\n<p><img src=\\\"http://b.hiphotos.baidu.com/news/crop%3D0%2C50%2C499%2C299%3Bw%3D638/sign=060bbe287f1ed21b6d8674a5905ef1f1/bd315c6034a85edf0c2ed1f94b540923dc54754d.jpg\\\" /></p>\\r\\n\\r\\n<p>2014巴西世界杯的到来，火了不少买卖。这当中既捧红了饭馆餐厅的&ldquo;花毛一体&rdquo;和&ldquo;麻辣小龙虾&rdquo;，也令&ldquo;啤酒和撸串&rdquo;成为炙手可热的必点项目。然而与这些比起来，足彩似乎才是最大的赢家。</p>\\r\\n\\r\\n<p>据了解，世界杯开赛以来，不少人都抱着玩一玩的心态纷纷投注。根据国家体彩中心的统计，2010年南非 世界杯期间，中国足彩累计销量仅为23亿元，而巴西世界杯开赛9天以来，销量就已实现40亿元。其中，通过电脑和手机等网络方式购买彩票成为越来越多人的 选择。有调查显示，2014世界杯期间，83.33%的人承认加大了对彩票业的关注，66.67%的网友表示，身边有很多新晋彩民。</p>\\r\\n\\r\\n<p>与以往满大街找投注点的情况不同的是，本届世界杯不少网民采取了互联网购彩的方式。百度乐彩、支付宝彩 票、微信彩票、网易彩票等多种购彩渠道的丰富和便利，使得足彩成为本届世界杯最大的赢家。就连一位从来不看球也不买彩票的美女朋友也深深的感叹：&ldquo;手机支 付太方便了，每天都想投一注!&rdquo;这位朋友也因为屡次猜中冷门，目前净赚上万元。但与此同时，引发了笔者一个思考：如果说小组赛的足彩能够令大家净赚上万， 淘汰赛阶段的比赛有可能让彩民们血本无归?</p>\\r\\n\\r\\n<p><strong>1、 小组赛猜中胜平负即可，中奖几率较高。</strong></p>\\r\\n\\r\\n<p>众所周知，世界杯比赛的规则是前期采取小组赛的赛制，即4支球队分为一组，互相比赛，取前两名晋级。每 场比赛的结果无非是胜、平、负。在购买足彩或者竞猜时选对即可获奖。(多种混合与专猜比分的不算在内)所以，无论最后结果如何，在不猜比分的情况下，只要 猜对胜负平关系即可获奖。上文中提到的那个美女，就因为猜对了多场西班牙的比赛，而赚了个盆满钵满。的确，在世界杯开赛前，估计谁也不会想到西班牙会输那 么多场，也因此使得不少爱买冷门的球迷和彩民们赚了不少。据说，更有甚者，因为连续猜对西班牙、英格兰、葡萄牙、意大利等多场比赛，而一下成为百万富翁。 当然，前提是他的投注金额足够多、足够大。相对而言，小组赛的中奖几率比较高。</p>\\r\\n\\r\\n<p><strong>2、淘汰赛只计算正赛赛果，看似容易实则更难。</strong></p>\\r\\n\\r\\n<p>在所有小组赛轮番斗罢之后，紧接着到来的是1/16、1/8、1/4、季军赛和决赛。需要注意的是，与 之前只要买中冷门，猜对胜负关系即可赢取大奖不同，淘汰赛的竞猜规则是需要猜中正赛时候的胜负关系，才能赢得奖励。举个例子：比如阿根廷对阵瑞士，相信不 少球迷会认为阿根廷获胜是板上钉钉的事，于是购买的时候，自然也会选择阿根廷取胜。但可能很多人想不到的是，这种取胜必须是在90分钟之内的获胜，一旦比 赛进入到加时赛，无论是加时赛进球，还是最后点球决胜负，即使阿根廷获胜，也不算猜中，同样拿不到奖金。这样一来，除非是自己选中的球队在90分钟之内搞 定比赛，取得胜利，否则大家的钱最终只能是&ldquo;竹篮打水一场空&rdquo;。相对于小组赛阶段的足彩和竞猜而言，淘汰赛看上去容易了，但实际上更难。搞不好哪场比赛就 会打加时，就需要点球才能决出胜负。这样来看的话，如果再下注购买，在90分钟之内多选择平局，也许是个不错的方向。</p>\\r\\n\\r\\n<p><strong>3、 足彩与竞猜切记娱乐第一，点到为止!</strong></p>\\r\\n\\r\\n<p>事实上，随着大众对足彩关注程度的火速升温，随着支付宝、微信等购彩方式的便利与发达，彩民在花钱下注 的时候完全没有花钱的意识与概念。就好像以前用现金买东西，花出去了几张大票，每个人心里都暗自掂量。而现在通过移动支付，钱就完全成了数字，花出去多少 都好像没花一样。如果后面的世界杯比赛中多几个加时赛，甚至点球取胜，也许球迷看的过瘾了，但彩民或许就会血本无归!也有人因为赌球和竞猜闹的妻离子散， 家破人亡。输了饭钱，没了工钱都还是小事，若因此跳楼殒命就完全不值当也没有必要了。所以笔者奉劝诸位，小赌怡情，大赌伤身。买足彩和玩竞猜也一样，娱乐 第一，点到为止!</p>\\r\\n\\r\\n<p><strong>认真?对不起，还没开始，你就已经输了!</strong></p>\\r\\n\\r\\n<p>观点没有对错，只求就事论事。你已经为本次世界杯赞助了多少?所买的足彩中盈还是亏?欢迎关注微信公号：城宇，ksms2046，与数万粉丝共同交流和探讨。近期公号将开展&ldquo;世界杯粉丝回馈&rdquo;活动，敬请关注!(大奖预告：大屏智能手机、高保真立体声耳机、梦幻蓝太阳伞)</p>\\r\\n','','2014-07-05 03:49:40','2014-07-05 03:49:40',0,0),(85,17,'罗本假摔臭名昭著犹如无赖 需被严惩','<blockquote>摘要 : 这令人抓狂，当你去回想一些事情的时候。 漂浮在国际空间站的宇航员可以通过电脑显示器去观看世界杯直播，并在几秒钟内得知发生了哪些不公正的事情。然而，在他们身下240英里的赛场上，22名参赛球员与3名裁判却必须等待结果，直至终场哨响方才发现，先前有过一次误判。</blockquote>\\r\\n\\r\\n<p>这令人抓狂，当你去回想一些事情的时候。</p>\\r\\n\\r\\n<p>漂浮在国际空间站的宇航员可以通过电脑显示器去观看世界杯直播，并在几秒钟内得知发生了哪些不公正的事情。然而，在他们身下240英里的赛场上，22名参赛球员与3名裁判却必须等待结果，直至终场哨响方才发现，先前有过一次误判。</p>\\r\\n\\r\\n<p>这不可能是对的，难道不是吗？时代在变，因此有些事情必须也得改变。</p>\\r\\n\\r\\n<p>首先，尽管足球始终都在倡导公平，但你必须明白，认真你就输了。</p>\\r\\n\\r\\n<p>罗本对阵墨西哥时的表现就是一个很好的例子，他成功蒙骗了所有裁判，他的确算是一位杰出的球员，但职业生涯却也臭名昭著。</p>\\r\\n\\r\\n<p>众所周知，罗本可以在一英寸的区域内瞬间左右比赛，但他却采用了一种戏剧性的方式，这个荷兰人无疑是在假摔，事实上多年来他一直如此。</p>\\r\\n\\r\\n<p>然而，除了抨击，你还能咋办？作为一名足球运动员，他依然在球迷那里广受好评，内业亦是有口皆碑的优秀典范。</p>\\r\\n\\r\\n<p>为何他就不能被视为一个无赖？</p>\\r\\n\\r\\n<p>在足球场上，我们永远都会原谅一名球员犯下的罪过，尽管很少有人会承认这一点，只要赢得胜利，每一位教练都会兴高采烈去侃侃而谈，即使他们胜之不武。</p>\\r\\n\\r\\n<p>这搞的好像是&hellip;&hellip;只要我们不是受害方，我们就能无视。</p>\\r\\n\\r\\n<p>失利方的教练往往会斥责假摔者，但没有哪位胜出方教练会去不满裁判，他们总是期望能瞒天过海。</p>\\r\\n\\r\\n<p>这似乎犹如积极鼓励作弊。</p>\\r\\n\\r\\n<p>足球是一项奇妙的运动，但当它上升至道德层面以后，你如何才能严于律己。</p>\\r\\n\\r\\n<p>或许就是为何很多人不顾一切的希望慢镜回放来协助裁判。</p>\\r\\n\\r\\n<p>如果足球想要做到足够公平，不会违背正义，那么就理应引入这项技术。</p>\\r\\n\\r\\n<p>我真不知道，如今我们究竟在等待着什么。</p>\\r\\n\\r\\n<p>让我们不妨设想一下，所有32次支球队都允许在世界杯上每个半场有两次上诉机会，这足以确保比赛公平顺畅。</p>\\r\\n\\r\\n<p>如果一方认为自己受到了不公正对待并感到委屈，一个点球，任意球，越位，进球被判无效，黄牌，红牌，手球等等，他们都应该被允许向裁判提出抗议，并要求慢镜回放，这是理应得到的权力。</p>\\r\\n\\r\\n<p>引入这项技术对比赛所产生的干扰难不成会大于国际足联安排球员们可以在比赛进行期间休息3分钟？</p>\\r\\n\\r\\n<p>绝对不会，这只占用比赛极少的时间。</p>\\r\\n\\r\\n<p>会毁掉比赛的一大看点？</p>\\r\\n\\r\\n<p>如果可以等待公正的判决，这相反有助于增强悬念。</p>\\r\\n\\r\\n<p>门线技术的引入已被证明相当成功，没有谁对此抱有疑义且表示不满。</p>\\r\\n\\r\\n<p>引入回放技术是否有助于缓解裁判的压力？</p>\\r\\n\\r\\n<p>显然是的，当他们不再出现误判以后，个人生活肯定能够更为平静。</p>\\r\\n\\r\\n<p>究竟是谁在纵容罗本这种假摔现象不断飙升？</p>\\r\\n\\r\\n<p>如今的足球已经越来越依赖于跳水，即使最坏的一种惩罚是驱逐出场，但总有人愿意铤而走险，因为一旦终场哨声响起，先前所有判罚结果都无法更改。</p>\\r\\n\\r\\n<p>难道不应该让足球变成一项更为公平的运动？</p>\\r\\n\\r\\n<p>毫无疑问，理应如此。</p>\\r\\n\\r\\n<p>那是一件好事？</p>\\r\\n\\r\\n<p>显然，抛出这个问题本就是十分愚蠢。</p>\\r\\n\\r\\n<p>足球可以被视为一项美妙的运动，比其它运动中的礼仪更多，但它往往也是最为怪诞的。</p>\\r\\n\\r\\n<p>在高尔夫或斯诺克运动中，球员们往往会主动承认自己犯规，即使没有人发现他们犯规，这是因为他们生怕得到不公平的优势，哪怕有些时候情况实属偶然。</p>\\r\\n\\r\\n<p>在橄榄球、板球与网球比赛里，赛事官员积极倡导利用视频技术协助裁判作出正确判罚，这能确保判罚始终正确。</p>\\r\\n\\r\\n<p>但足球运动却背道而驰，只要你能找到赢球的办法，任何怪事都会发生。</p>\\r\\n\\r\\n<p>人们先是接受了手球获益，然后又接受了假摔，哪怕球员只是被轻轻碰了一下就倒在草坪上。然而，这就是我们现在所看到的足球，因为任何人为了赢球都不择手段。</p>\\r\\n\\r\\n<p>耍小伎俩已经成为比赛的一部分。</p>\\r\\n\\r\\n<p>尽管本届世界杯堪称足球的饕餮盛宴，但荷兰击败墨西哥的方式却让人恶心。</p>\\r\\n\\r\\n<p>波黑与克罗地亚何尝不够委屈，他们也是不公正判罚的受害者。</p>\\r\\n\\r\\n<p>作为这样一项全球瞩目的大型赛事，如今竟然出现了这么多的误判，这样的事情本不该发生在当下这个时代，有些科技手段原本能让足球的变的更为公平。</p>\\r\\n\\r\\n<p>不过，从戏剧层面与娱乐角度来说，这届世界杯可以点赞。</p>\\r\\n\\r\\n<p>但也仅此而已，它其实还能更好。</p>\\r\\n\\r\\n<p>我们完全能够确保让世界杯变的公平。</p>\\r\\n\\r\\n<p>无论在地球的哪个角落，甚至是在太空中，如今数十亿人都在热议，当四年后的世界杯在俄罗斯举行之际，届时能否引入回放技术并让其成功协助裁判。</p>\\r\\n\\r\\n<p>让我们借此让一切变的更为美好，难道不行吗？</p>\\r\\n','','2014-07-05 03:50:07','2014-07-05 03:50:07',0,0),(86,17,'巴西队，“美丽足球”不复存在','<blockquote>摘要 : 在 报道世界杯期间，我每天要工作18个小时，很渴望比赛间歇期的到来。如今这一天终于来临，于是我漫步在里约的科帕卡巴纳海滩，当然，是带着研究目的来的。 正如苏格兰记者休-麦克伊万尼写的那样，科帕卡巴纳上有很多比足球更令人心醉神迷的东西，当然，包括足球。沿着海滩散步，可以看到很多普通巴西百姓&mdash;&mdash;大 部分是年轻小伙子，也有部分女孩子，他们在玩着足球。</blockquote>\\r\\n\\r\\n<p>在 报道世界杯期间，我每天要工作18个小时，很渴望比赛间歇期的到来。如今这一天终于来临，于是我漫步在里约的科帕卡巴纳海滩，当然，是带着研究目的来的。 正如苏格兰记者休-麦克伊万尼写的那样，科帕卡巴纳上有很多比足球更令人心醉神迷的东西，当然，包括足球。沿着海滩散步，可以看到很多普通巴西百姓&mdash;&mdash;大 部分是年轻小伙子，也有部分女孩子，他们在玩着足球。</p>\\r\\n\\r\\n<p>大部分时候，他们围成一个圈，用脚和头，甚至肩膀把皮球传给其他人。他们踢得非常好，上一次我看到这么 高水平的业余足球还是20年前在喀麦隆。但这个游戏是为了表演，而不是进球。我很少看到像这样的场景：几乎每一次传球都是挑球或脚后跟。这与足球的功能作 用无关，这是巴西人的&ldquo;美丽足球&rdquo;&ldquo;漂亮足球&rdquo;的理念。这就是巴西人踢球的方式，在沙滩上，街道里，甚至走廊中（这里几乎没有适合踢球的草坪存在）。</p>\\r\\n\\r\\n<p>不过本届世界杯中，巴西队既没踢出漂亮足球也没打出实用足球。无论巴西队最终夺冠与否，他们都已经丢失了自己的优良传统&mdash;&mdash;&ldquo;美丽足球&rdquo;，他们甚至都想不到有其他方式来以作替代。对巴西来说，&ldquo;美丽足球&rdquo;不仅仅是一种足球风格，更是这个国家的象征。</p>\\r\\n\\r\\n<p>现在这支巴西队中，内马尔是&ldquo;美丽足球&rdquo;的唯一代言人。他不仅仅是目前巴西阵中最有效率的球员，全队8 个进球里他贡献了4个。其实他也把自己当成球队传统足球风格的代表。5月份我代表《Red Bulletin》杂志采访他的时候，他把他的足球风格和舞蹈联系了起来。&ldquo;我认为每一个巴西人都喜欢跳舞，&rdquo;他说，&ldquo;播放一些有感染力的音乐，巴西人能 很快进入状态。我出生在一个热爱桑巴和pagode（另一种舞蹈）的家庭。我能跳一些ginga，一种扭臀舞步。&rdquo;</p>\\r\\n\\r\\n<p>内马尔的任务不仅仅是率队夺得世界杯，还要把巴西的优良传统发扬光大。与喀麦隆一战，在自己打进两球已 为球队确保胜利后，他开始玩了：学贝利在1958年时的挑球过人。打进克罗地亚和智利的两个点球也都有点来历，助跑的时候特意停顿了一下，同样也是学自贝 利。对目前的巴西队来说，要担心的是内马尔的伤情，喀麦隆一直在尝试，而智利则差点成功地把内马尔踢出了场。周五与哥伦比亚的1/4决赛，他可能都没有办 法完全恢复伤势。</p>\\r\\n\\r\\n<p>现在这支巴西队中，内马尔之外的人踢得都丑不堪言。在这种快节奏的足球比赛里，全队也只有他一个人能扛 起&ldquo;美丽足球&rdquo;的大旗。他的队友，如弗雷德和古铁雷斯之流，甚至都没胆去尝试这种风格，同样也没能很好地把欧洲足球的理念带到国家队来。巴西队已丢失了传 统，而且没有新的特质出现。全队甚至都没办法运行正常以支持内马尔。队友们只知道把球传给他，却不知道怎样来为他扯开空档。这一点，阿根廷的梅西其实也一 样。与他们相比，荷兰队的战术就要有效得多，诱敌深入后，让前场天才如罗本，打出快速反击插入对手防线空档给予致命一击。</p>\\r\\n\\r\\n<p>巴西人知道自己的球队实力一般。他们也清楚，桑巴军团如果想在接下来的每场比赛中获胜甚至打平都要付出艰辛努力。这意味着如今这个国家百姓对冠军的渴望要比1970年和2002年时还强烈，因为那两届的巴西队被认为是超级强队。</p>\\r\\n\\r\\n<p>无论巴西队有没有夺冠，这支球队和这个国家都面临前相同的问题。在足球世界里，巴西队拥有56年的辉煌 历史。而在经济上，自1994年7月1日采用新货币雷亚尔结束通货膨胀后，巴西也拥有了辉煌的20年。如今看来，在经济和足球领域，巴西都需要一个新的体 系，但两个方面，目前的巴西都没有看到有效的措施。</p>\\r\\n','','2014-07-05 03:50:37','2014-07-05 03:50:37',0,0),(87,17,'巴西队关键人物停赛，谁来盯J罗？','<blockquote>摘要 : 古斯塔沃的停赛真不是时候。 本周五巴西队将在1/4决赛中对阵哥伦比亚队，后者拥有本届杯赛迄今为止表现最好的中场攻击手詹姆斯-罗德里格斯，本来古斯塔沃是下一战盯防J罗的最佳选择，但现在没辙了，更糟糕的是，巴西队还没有合适的替代人选。</blockquote>\\r\\n\\r\\n<p>古斯塔沃的停赛真不是时候。</p>\\r\\n\\r\\n<p>本周五巴西队将在1/4决赛中对阵哥伦比亚队，后者拥有本届杯赛迄今为止表现最好的中场攻击手詹姆斯-罗德里格斯，本来古斯塔沃是下一战盯防J罗的最佳选择，但现在没辙了，更糟糕的是，巴西队还没有合适的替代人选。</p>\\r\\n\\r\\n<p>与智利比赛时，斯科拉里的巴西队阵容齐全，但点球大战胜出晋级1/4决赛后，大菲尔肯定对古斯塔沃拿到累计的第二张黄牌感到痛心了，他可是最近一年多来巴西队铁打的主力。</p>\\r\\n\\r\\n<p>一切开始于去年6月初巴西与英格兰的一场友谊赛，那是马拉卡纳重建后的首秀。斯科拉里硬是把当时还在拜 仁慕尼黑踢球的古斯塔沃从大西洋那头给拽了回来。当时大菲尔的这一举动让很多人意外，赛前预测也认为古斯塔沃不太可能首发，但事实却是拜仁中场首发并打满 了整个上半场。巴西队控制了上半场，但没创造出多少机会。斯科拉里准备出一招险棋，中场休息时用埃尔纳内斯替换古斯塔沃。球队果然在进攻方面有了改观，但 同时也为防守付出了代价。英格兰队打进两球，他们发起进攻的点恰恰是在防线中路前方腹地，原本正是古斯塔沃的防守责任田。最终保利尼奥的进球帮助巴西队2 比2逼平对手。赛后，斯科拉里似乎做了某个决定。几天后的一场比赛，巴西3比0完胜法国，结束了近4年不胜强队的尴尬历史，看到古斯塔沃中场抢断发起反击 帮助球队首开记录之后，大菲尔更加坚定了自己的选择&mdash;&mdash;巴西队中场必须有一名控制型球员。</p>\\r\\n\\r\\n<p>从那以后，古斯塔沃便确保了自己在巴西队首发阵容中的一席之地。联合会杯之后，卢卡斯作为古斯塔沃的替补被斯科拉里召入国家队。但后来有两件意料之外的事发生了，一是卢卡斯在利物浦受伤，不得不缺战一段时间；二是大菲尔不能忽视费尔南迪尼奥在曼城队的优异表现。</p>\\r\\n\\r\\n<p>今年3月，巴西队在客场与南非队进行友谊赛，费尔南迪尼奥进入了大名单。他在古斯塔沃的位置上踢了上半 场，不过整体来看表现不能令人信服。适应了一段时间后，费尔南迪尼奥渐入佳境，在前插到保利尼奥的位置后更是来了一脚惊天远射破门。他是那种满场飞奔的铁 肺球员，而不是甘于寂寞固守关卡的铁闸型选手。这就给斯科拉里每次定23人大名单时出了个难题。在4231阵型里，保利尼奥是两名中场中除古斯塔沃外另一 个席位的首选，埃尔纳内斯充当他的替补。再加上费尔南迪尼奥，斯科拉里在同一个位置上就有三个人选了，如果再算上拉米雷斯，那就是四个。这样一来，卢卡斯 就更没有位置了，而且队里也没有一名控制型中场的替补，要命的是，这个位置更容易得黄牌。</p>\\r\\n\\r\\n<p>中场先放一边，再来看看此前让巴西队教练组更头疼的事，他们在定四名中后卫的名单时花费了最长时间。蒂亚戈-席尔瓦、大卫-路易斯和丹特的入选没问题，就差最后一人了。最终胜出的是亨里克，入选的一大原因是他能临时充当防守型后腰，斯科拉里在帕尔梅拉斯时就这么用过他。</p>\\r\\n\\r\\n<p>好吧，古斯塔沃打不了哥伦比亚，应该怎么办呢？有三种选择。一是让费尔南迪尼奥后撤，希望他能稳重一点；二是让大卫-路易斯前移打中场，把丹特放到中卫位置上；三是直接用恩里克。</p>\\r\\n\\r\\n<p>不过不管巴西队派出谁，都要面临盯防詹姆斯-罗德里格斯这个艰巨的任务。</p>\\r\\n','','2014-07-05 03:51:30','2014-07-05 03:51:30',0,0),(88,17,'史上最精彩！巴西世界杯可以定论了','<blockquote>摘要 : 在本届八强全部产生之后，我们就已经可以为巴西世界杯赛作出定义了，这绝对是过去几届以来最为精彩的一届赛事，甚至再往后，恐怕都不会再有如此泻意的世界杯了。</blockquote>\\r\\n\\r\\n<p><img src=\\\"http://b.hiphotos.baidu.com/news/crop%3D0%2C0%2C500%2C300%3Bw%3D638/sign=d72f2790d8b44aed4d01e4a48e2cab31/11385343fbf2b211c224a194c88065380dd78ee5.jpg\\\" /></p>\\r\\n\\r\\n<p>北 京时间今天(2日)凌晨，阿根廷队和比利时队最终如愿地闯关成功，本届世界杯赛的八强果然都是各个小组的第一名。应该说，这是一个皆大欢喜的结果。休息两 天之后，1/4决赛就将展开。其实，在本届八强全部产生之后，我们就已经可以为巴西世界杯赛作出定义了，这绝对是过去几届以来最为精彩的一届赛事，甚至再 往后，恐怕都不会再有如此泻意的世界杯了。</p>\\r\\n\\r\\n<p>本届赛事开幕之前，几乎所有人都在谈论着巴西的安全问题、筹备工作，甚至在开幕前两三天，几个主要主办 地还在闹罢工。加上其他一些因素，几乎没有人相信：本届世界杯会能够顺利地完成。可是，当世界杯大幕开启之后，外人突然发现：赛前舆论、宣传的东西是不是 &ldquo;搞错&rdquo;了？甚至有种&ldquo;上当受骗&rdquo;的感觉。而随着比赛的继续，所有赛前的各种负面几乎全部都被冲淡了。取而代之的，是比赛的意外性和各种喜感，当然，也出 现过像智利球迷冲击新闻中心的意外，但这些其实都只能算是&ldquo;小插曲&rdquo;，并不影响本届世界杯赛的主流。</p>\\r\\n\\r\\n<p>当西班牙队、意大利队等诸多赛前被看好的队伍意外地小组遭到淘汰之后，各种&ldquo;阴谋论&rdquo;、&ldquo;赌球论&rdquo;等尘 嚣其上。可是，最终闯入八强的队伍，都是小组赛中真刀真枪打出来的。至少，恐怕没有人可以说，这八强中谁不应该进入、谁比现在的这八强更有资格进入1/4 决赛。而且，在8场1/8决赛中，五场通过加时赛而决出胜负、两场比赛甚至通过点球才决出胜负。这在以往世界杯赛上，几乎是从未有过的！戏剧性的场面不 断，当然，如果非要说这些都是&ldquo;被操控好的&rdquo;，则只能是无语。因为现代社会发展到今天，任何蛛丝马迹其实都会很快通过社交媒体、迅速扩散开来，因为任何举 动，都有可能牵涉到一方的利益。任何丑闻被披露出来，首先肯定是参与其中一方的利益受到了损害。但是，至少到现在为止，尚没有任何证据证明所有各种意外都 是被事先设计好了的、是被操控了的。</p>\\r\\n\\r\\n<p>可以这么说，作为足球王国的巴西，让我们真正感受到了世界杯足球赛的&ldquo;原始味&rdquo;。只有原始的，才是真正 有味的。而且，之所以说是史上最精彩，甚至有可能是&ldquo;绝后&rdquo;的，恰恰也是建立在&ldquo;原始味&rdquo;基础之上的。因为在巴西，我们感受到了巴西人的&ldquo;自由自在&rdquo;和 &ldquo;不羁&rdquo;，呼吸到了真正自由的空气。</p>\\r\\n\\r\\n<p>随着现代高科技的发展，四年之后在俄罗斯进行的世界杯，恐怕就不会再像本届世界杯赛那样原始了。届时， 更多的高科技手段或许将进一步全面&ldquo;武装&rdquo;足球场、武装世界杯。而且，就在昨天，从卡塔尔传出消息，卡塔尔最近开始的国内一项斋月足球赛事中，就要启用球 场空调，开始为2022年世界杯赛的所有球场里装上空调开始试验。尽管还只有8年的时间，但这8年时间里，人类的科技将向何种情景发展？我们无法预计。而 对于整个足球运动的影响又将会有多少？我们也无法预计。更何况，像俄罗斯、卡塔尔，我们根本就不可能体会到巴西这个国家对于足球运动那种原始的冲动和热 爱。</p>\\r\\n\\r\\n<p>巴西世界杯已经开始倒计时了，结束的倒计时。在未来10天里，其实还是好好享受最后的&ldquo;盛宴&rdquo;吧。谁也 不知道再过多少年，我们才能体会到这种原始味的世界杯了。就像我已经连续跑了五届世界杯，在2010年南非世界杯赛时尤感无趣。而来到巴西之后，一度也觉 得没太多意思。可随着比赛的深入，才慢慢体会到：这样的世界杯，恐怕以后很难再见到了。</p>\\r\\n','','2014-07-05 03:51:57','2014-07-05 03:51:57',0,0),(89,17,'球员变演员 录像追罚假摔势在必行','<blockquote>摘要 : 一个是当众耍无赖动用牙齿，明摆着逃不过处罚；另一个是阴暗的欺诈，一旦成功则是非法获利，且这样的行为非常隐蔽难断。咬人和假摔，两种行径同样卑劣。即使逃过场上裁判的眼睛，也绝不可以在全世界观众的注目下让肇事者逍遥法外。</blockquote>\\r\\n\\r\\n<p><img src=\\\"http://f.hiphotos.baidu.com/news/crop%3D0%2C25%2C485%2C291%3Bw%3D638/sign=1025d1e938f33a878a225a5afb6c3c0a/622762d0f703918f65f06f13533d269758eec4c2.jpg\\\" /></p>\\r\\n\\r\\n<p>苏 亚雷斯咬了一口，赛后被追停9场，追罚4个月，他的球队也在随后的比赛中遭到淘汰；罗本连续假摔了两次，逃脱惩罚，随后又赢得点球，球队最终挺进八强。赛 后，舆论呼吁仿效追讨苏亚雷斯，使用录像对罗本的欺骗行为进行处罚，却遭到了国际足联的拒绝。理由大概是录像追罚的范畴基本锁定为可出示红牌的暴力行为， 而假摔这种只够得上黄牌的非体育行为，其危害性没那么大。</p>\\r\\n\\r\\n<p>但这真的公平吗？以上两种行为的恶劣程度，真有如此大的分别？一个是当众耍无赖动用牙齿，明摆着逃不过 处罚；另一个是阴暗的欺诈，一旦成功则是非法获利，且这样的行为非常隐蔽难断。在我看来，两种行径都很卑劣。即使逃过场上裁判的眼睛，也绝不可以在全世界 观众的注目下让肇事者逍遥法外。</p>\\r\\n\\r\\n<p>罗本的拥趸们别喷，&ldquo;假摔&rdquo;是他自己说的，不是我。而作为一名有着一定执法经历的裁判员，我向来对佯装 和假摔深恶痛绝。它很容易让裁判受骗，让对手蒙冤。在本届世界杯上，我非常高兴地看到在揭幕战之后的大部分场次中，高水平的法官们没有被球员们的诡计蒙 骗；但我同时也非常遗憾地目睹，一次次地佯装行为仅仅被无视，却没有得到惩罚。足球竞赛规则中明确阐述，非体育行为是必须被黄牌警告的，而假装受伤和佯装 被犯规，是非体育行为中的一种。面对马塞洛和罗本们赤裸裸地欺骗行为，恰克尔和普罗恩萨们为什么没有依法办事？要知道对如此行为的纵容，就是对不公平竞赛 的鼓励。这次他们演得不像时你没罚，下次他们演技提高之后，吃亏上当者难道不包括你和你的同行？佯装，这颗绿茵场上的毒瘤近年愈发膨胀，却医治乏术。足球 竞赛规则的制定者们难道不该做点什么吗？</p>\\r\\n\\r\\n<p>在球员演技原来越高超的情况下，治理假摔泛滥的难题只有靠在规则或规程中置入条文，施以重典：在场上被 裁判员明确判断为佯装的，对方罚球区外的佯装给予黄牌，罚球区内的(有可能骗取点球的假摔)直接红牌罚出；赛后录像证实确实有佯装行为的，自动停赛一场。 当然，在具体实施的过程中，肯定会有些细节上需要进一步推敲与考量的地方，但对佯装零容忍的大原则必须树立。这不但是对参赛双方的尊重，也是对足球这项运 动的尊重。</p>\\r\\n','','2014-07-05 03:52:21','2014-07-05 03:52:21',0,0),(92,9,'aa','<p>asdfsdfasdfsdf</p>\r\n','','2014-07-07 04:11:19','2014-07-07 04:13:39',0,0);
/*!40000 ALTER TABLE `news` ENABLE KEYS */;
UNLOCK TABLES;

--
-- Table structure for table `password_reminders`
--

DROP TABLE IF EXISTS `password_reminders`;
/*!40101 SET @saved_cs_client     = @@character_set_client */;
/*!40101 SET character_set_client = utf8 */;
CREATE TABLE `password_reminders` (
  `email` varchar(255) COLLATE utf8_unicode_ci NOT NULL,
  `token` varchar(255) COLLATE utf8_unicode_ci NOT NULL,
  `created_at` timestamp NOT NULL DEFAULT '0000-00-00 00:00:00',
  KEY `password_reminders_email_index` (`email`),
  KEY `password_reminders_token_index` (`token`)
) ENGINE=InnoDB DEFAULT CHARSET=utf8 COLLATE=utf8_unicode_ci;
/*!40101 SET character_set_client = @saved_cs_client */;

--
-- Dumping data for table `password_reminders`
--

LOCK TABLES `password_reminders` WRITE;
/*!40000 ALTER TABLE `password_reminders` DISABLE KEYS */;
/*!40000 ALTER TABLE `password_reminders` ENABLE KEYS */;
UNLOCK TABLES;
/*!40103 SET TIME_ZONE=@OLD_TIME_ZONE */;

/*!40101 SET SQL_MODE=@OLD_SQL_MODE */;
/*!40014 SET FOREIGN_KEY_CHECKS=@OLD_FOREIGN_KEY_CHECKS */;
/*!40014 SET UNIQUE_CHECKS=@OLD_UNIQUE_CHECKS */;
/*!40101 SET CHARACTER_SET_CLIENT=@OLD_CHARACTER_SET_CLIENT */;
/*!40101 SET CHARACTER_SET_RESULTS=@OLD_CHARACTER_SET_RESULTS */;
/*!40101 SET COLLATION_CONNECTION=@OLD_COLLATION_CONNECTION */;
/*!40111 SET SQL_NOTES=@OLD_SQL_NOTES */;

-- Dump completed on 2014-07-08 19:54:06
